sku,url
9218810945946 ,https://shopee.vn/p-i.1429520637.28675559513
2045430808472 ,https://shopee.vn/p-i.142856269.27179249848
8573875398015 ,https://www.fahasa.com/automated-stock-trading-systems-he-thong-giao-dich-co-phieu-tu-dong.html
5570209139974 ,https://shopee.vn/p-i.84992565.17784773096
7925600392752 ,https://www.lazada.vn/products/i3141825544.html
3751739056809 ,https://www.fahasa.com/bo-sach-deo-shiokari-bang-diem-quyen-thuong-bang-diem-quyen-ha-bo-3-cuon.html
6943444460122 ,https://shopee.vn/p-i.171969282.43850427340
4424298001650 ,https://shopee.vn/p-i.243501221.28036842427
1654583552907 ,https://www.fahasa.com/boxset-thuy-vuc-quyen-thuong-quyen-ha-hop-2-cuon-tang-kem-filmstrip.html
4911468736978 ,https://shopee.vn/p-i.1283048144.40253229744
5804227132934 ,https://www.lazada.vn/products/i3142906744.html
6343441831659 ,https://www.fahasa.com/anh-phai-song.html
7950637207208 ,https://www.fahasa.com/gia-mao.html
7062223116893 ,https://www.fahasa.com/tham-tu-lung-danh-conan-tap-11-tai-ban-2023.html
3514222985729 ,https://www.fahasa.com/global-success-bai-tap-tieng-anh-lop-7-khong-dap-an.html
2446758943161 ,https://www.fahasa.com/nhung-cuoc-phieu-luu-ki-thu-tam-ban-do-kho-bau.html
7171069896037 ,https://shopee.vn/p-i.1044986550.25758654444
1274735736443 ,https://shopee.vn/p-i.805852734.19038896376
7347873320162 ,https://www.fahasa.com/don-thuoc-tang-de-khang-stress-the-stress-prescription.html
1842314633961 ,https://shopee.vn/p-i.45194730.29501063025
1082317182295 ,https://www.fahasa.com/lang-gia-bang-tap-2-tang-kem-bookmark-pvc.html
8344937386928 ,https://www.fahasa.com/sango-va-nguoi-ca-tap-3-tang-kem-postcard.html
3325889715593 ,https://shopee.vn/p-i.45194730.29314303910
5991344711195 ,https://shopee.vn/p-i.226641925.18729685003
7992456468225 ,https://shopee.vn/p-i.49835703.18922855172
6487762502707 ,https://www.fahasa.com/tham-tu-lung-danh-conan-tap-2-tai-ban-2023.html
1455258076292 ,https://www.fahasa.com/thuc-tai-xua-nay.html
2672297640439 ,https://shopee.vn/p-i.47580169.17997743793
9131177507999 ,https://www.fahasa.com/be-buoc-dau-kham-pha-danh-cho-be-0-tuoi.html
1258446605341 ,https://shopee.vn/p-i.65173602.24061463629
5310862994058 ,https://www.fahasa.com/36-ke-chinh-phuc-khach-hang-kho-tinh.html
7175925525595 ,https://www.fahasa.com/gia-trinh-ngu-phap-tieng-trung-trung-cap.html
4745526923614 ,https://shopee.vn/p-i.31986220.25406110255
7307654747261 ,https://shopee.vn/p-i.1005455348.25015443552
5694030302903 ,https://www.fahasa.com/linh-chien.html
9397731193420 ,https://www.fahasa.com/phong-quoc.html
6672930082808 ,https://www.lazada.vn/products/i2740087964.html
8728436015820 ,https://shopee.vn/p-i.270437751.24973020451
6002777341711 ,https://shopee.vn/p-i.50966696.28709440347
8785784823313 ,https://shopee.vn/p-i.45194730.27411908498
8316238164242 ,https://www.fahasa.com/global-success-bo-de-kiem-tra-tieng-anh-lop-3-tap-1-co-dap-an.html
1821232637469 ,https://www.fahasa.com/trac-nghiem-tam-ly-ban-co-phai-ke-tam-than.html
4197573209982 ,https://shopee.vn/p-i.135852798.10705421573
3684607052212 ,https://shopee.vn/p-i.717952321.24276255185
7747539085477 ,https://shopee.vn/p-i.242511295.26313364175
2665757936247 ,https://shopee.vn/p-i.119038222.26872730470
6002109792468 ,https://www.fahasa.com/tsunagu-nihongo-tieng-nhat-ket-noi-so-cap-2-tieng-nhat-giao-tiep-co-ban.html
4089149572238 ,https://shopee.vn/p-i.44665496.27812478415
2862388121875 ,https://shopee.vn/p-i.1096694921.29169169108
1574385292384 ,https://www.fahasa.com/gia-dinh-song-ngu-365-ngay-ca-nha-cung-noi-tieng-anh-nhu-nguoi-ban-ngu-hoat-dong-tai-nha-at-home-activities.html
9049848481156 ,https://www.lazada.vn/products/i3059393497.html
2044440392999 ,https://shopee.vn/p-i.47580169.28817047459
1767800146979 ,https://www.fahasa.com/bai-tap-tieng-anh-9-co-dap-an-dung-kem-sgk-global-success.html
1196319474179 ,https://shopee.vn/p-i.14390734.29124192725
9754116751150 ,https://shopee.vn/p-i.45194730.28900490373
9434829814644 ,https://www.fahasa.com/29-loi-khuyen-cua-me-ve-tien-bac-danh-cho-con-gai.html
7530995401619 ,https://shopee.vn/p-i.17387326.26869729010
6657085264283 ,https://shopee.vn/p-i.65173602.26214571277
,https://shopee.vn/p-i.65173602.26214571277
4290217584214 ,https://shopee.vn/p-i.142856269.28324096227
7855670551228 ,https://shopee.vn/p-i.1240428935.29927292804
1883365251124 ,https://shopee.vn/p-i.58594558.27510396491
,https://shopee.vn/p-i.58594558.27510396491
1379540788493 ,https://shopee.vn/p-i.392838844.28725093779
1493064072689 ,https://www.fahasa.com/hot-boy-mien-que-tap-1-tang-kem-card-pvc.html
2833251112425 ,https://www.lazada.vn/products/i3036711265.html
3697415263296 ,https://shopee.vn/p-i.984678604.29772366799
1295299048897 ,https://shopee.vn/p-i.1048857114.29922246913
8683372740046 ,https://www.lazada.vn/products/i2991442048.html
3356792164741 ,https://www.lazada.vn/products/i2921709774.html
2637722223003 ,https://www.fahasa.com/cac-ban-toi-o-tren-ay-600860.html
1289395518757 ,https://www.fahasa.com/trai-tim-cua-dao.html
5784280508234 ,https://www.fahasa.com/sai-gon-nam-xua-610210.html
5189589881995 ,https://shopee.vn/p-i.1096694921.26634614957
3723659709736 ,https://www.lazada.vn/products/i2770806442.html
5798530235858 ,https://shopee.vn/p-i.392838844.24637159748
9492388942087 ,https://shopee.vn/p-i.51646476.5235963573
8078404037259 ,https://www.fahasa.com/rua-luc-rua-lam-one-up.html
4695858751241 ,https://shopee.vn/p-i.175767544.27933920457
6339085516518 ,https://shopee.vn/p-i.142856269.28424337024
8360090223631 ,https://shopee.vn/p-i.243501221.27171947210
1611773492876 ,https://www.fahasa.com/chua-lanh-luan-xa.html
8054630144581 ,https://www.fahasa.com/toi-uu-doanh-nghiep-dot-pha-cung-business-coach.html
9015557856113 ,https://shopee.vn/p-i.1258767910.24294498416
1184864932691 ,https://shopee.vn/p-i.96728516.43050843832
8068206497803 ,https://shopee.vn/p-i.441515460.29722451172
4289937005840 ,https://www.fahasa.com/ngan-nam-su-viet-nha-tran-la-co-theu-sau-chu-vang.html
2048175316217 ,https://shopee.vn/p-i.142856269.28222999268
9273571601053 ,https://shopee.vn/p-i.574069402.26221433420
7981655501956 ,https://shopee.vn/p-i.142856269.28077884523
7362210952248 ,https://www.fahasa.com/thuoc-giai-tap-2-tang-kem-bookmark-postcard.html
7413636851715 ,https://shopee.vn/p-i.254672228.9324191495
7539635832933 ,https://shopee.vn/p-i.50972934.2420508704
9603762168508 ,https://www.fahasa.com/hai-muoi-tu-gio-trong-doi-nguoi-dan-ba.html
5265340158883 ,https://shopee.vn/p-i.1427921728.41350695948
6999151440981 ,https://shopee.vn/p-i.404602141.43150823286
8405877101947 ,https://www.fahasa.com/the-gioi-phat-giao.html
7059064614869 ,https://shopee.vn/p-i.382855054.28726865951
8182260359901 ,https://www.fahasa.com/cuon-sach-hoang-da.html
3067471413176 ,https://shopee.vn/p-i.551896512.24829423976
1390381974459 ,https://www.fahasa.com/sai-gon-di-qua-ky-uc.html
5872002049163 ,https://shopee.vn/p-i.74678612.25842141583
2307746168120 ,https://www.lazada.vn/products/i2959039364.html
8320822403692 ,https://shopee.vn/p-i.254672228.20194609493
2559504873004 ,https://www.lazada.vn/products/i2865207521.html
6604280765980 ,https://shopee.vn/p-i.142856269.28226537503
1817968060391 ,https://shopee.vn/p-i.230608567.4220819768
7572893567511 ,https://shopee.vn/p-i.46423940.23271263212
4016857063730 ,https://shopee.vn/p-i.44665496.5552374816
5199763446538 ,https://shopee.vn/p-i.431679329.11920676912
9655326238917 ,https://www.lazada.vn/products/i3124506893.html
9317217367663 ,https://www.fahasa.com/he-thong-tu-cuu-cua-nhan-vat-phan-dien-tap-3-tai-ban-2022.html
1215512837580 ,https://www.lazada.vn/products/i245600952.html
2315667525833 ,https://shopee.vn/p-i.1073112786.20186714496
5912679426775 ,https://shopee.vn/p-i.127805122.2093924178
3699383167355 ,https://www.lazada.vn/products/i259697647.html
9548090774629 ,https://www.fahasa.com/may-tinh-casio-mc-12m-pl.html
9136602364181 ,https://shopee.vn/p-i.19417109.1457411119
2911525755796 ,https://www.lazada.vn/products/i340954302.html
5856487626524 ,https://shopee.vn/p-i.19417109.9701907001
7900678352017 ,https://shopee.vn/p-i.1021206644.24383723136
2667412460228 ,https://www.lazada.vn/products/i3105033387.html
2515096287113 ,https://shopee.vn/p-i.20009052.21288881386
8027654627218 ,https://shopee.vn/p-i.340382054.9432401315
,https://www.lazada.vn/products/i1500672608.html
2929543640868 ,https://www.lazada.vn/products/i1698447647.html
8783133642026 ,https://www.lazada.vn/products/i2634510945.html
7640596132543 ,https://shopee.vn/p-i.917296739.22613294000
1621658682840 ,https://www.lazada.vn/products/i2045157326.html
6233308977260 ,https://www.lazada.vn/products/i2770264707.html
5229074905200 ,https://www.lazada.vn/products/i3105033387.html
2565475395401 ,https://shopee.vn/p-i.61792033.27015809934
9226279384578 ,https://www.lazada.vn/products/i245745788.html
6199622460027 ,https://www.lazada.vn/products/i730192077.html
9042450714695 ,https://www.lazada.vn/products/i100883538.html
7661717820039 ,https://shopee.vn/p-i.254666730.27157978983
5505232918580 ,https://www.lazada.vn/products/i2383029969.html
7702234072488 ,https://www.lazada.vn/products/i2838290929.html
3502082193460 ,https://shopee.vn/p-i.91309965.25130418370
2717092741480 ,https://shopee.vn/p-i.274363959.24074173602
6350787546172 ,https://shopee.vn/p-i.142856269.27776528369
1584870027309 ,https://shopee.vn/p-i.30302081.27583050351
2024373563953 ,https://shopee.vn/p-i.116829639.11172986029
5987322374396 ,https://shopee.vn/p-i.142856269.42250869221
1010624916337 ,https://shopee.vn/S%C3%A1ch-Qu%E1%BB%B7-%C3%A1m-%C4%91%C3%AAm-c%C3%B4-h%E1%BB%93n-Qu%E1%BB%91c-Th%C3%A1i-i.26003943.26907764933?sp_atk=67ba5a1c-b094-4791-a459-a4685ea37df8&xptdk=67ba5a1c-b094-4791-a459-a4685ea37df8
,https://shopee.vn/S%C3%A1ch-Qu%E1%BB%B7-%C3%81m-%C4%90%C3%AAm-C%C3%B4-H%E1%BB%93n-SAZ-i.1319550574.29780195648?sp_atk=56643efa-af2a-4cbe-9319-1b5c23e7f612&xptdk=56643efa-af2a-4cbe-9319-1b5c23e7f612
,https://shopee.vn/S%C3%A1ch-Qu%E1%BB%B7-%C3%81m-%C4%90%C3%AAm-C%C3%B4-H%E1%BB%93n-AZB-i.1283048144.26908162349?sp_atk=b72e5c8a-3733-4b08-bb6e-1fa667d66dea&xptdk=b72e5c8a-3733-4b08-bb6e-1fa667d66dea
2181950160872 ,https://lazada.vn/products/i2650881709.html
6325122258116 ,https://shopee.vn/p-i.90428978.7512851589
4552770668486 ,https://shopee.vn/p-i.717952321.19221029735
8373752461322 ,https://shopee.vn/p-i.142856269.29382686687
3619918631932 ,https://shopee.vn/p-i.953823367.29264040928
2515230123069 ,https://shopee.vn/p-i.829971528.26463379660
,https://lazada.vn/products/i2865257318.html
8905467850219 ,https://shopee.vn/p-i.1119605663.26326541490
3817193954743 ,https://shopee.vn/p-i.171969282.25240752997
2515604048847 ,https://shopee.vn/S%C3%A1ch-Showbiz-L%C3%A0-C%E1%BB%A7a-T%C3%B4i-(T%E1%BA%ADp-3)-i.392838844.28166694595?sp_atk=87592453-f986-48a7-927c-4aaf8363f97d&xptdk=87592453-f986-48a7-927c-4aaf8363f97d
,https://shopee.vn/S%C3%A1ch-Showbiz-L%C3%A0-C%E1%BB%A7a-T%C3%B4i-(T%E1%BA%ADp-3)-i.45194730.28566452933?sp_atk=83464bbd-2abd-4657-bd91-a0c237021fbe&xptdk=83464bbd-2abd-4657-bd91-a0c237021fbe
3118895637742 ,https://shopee.vn/p-i.329874075.40351794485
1242822834018 ,https://lazada.vn/products/i1840598444.html
5379846612367 ,https://shopee.vn/p-i.431679329.28754207747
6178917389285 ,https://shopee.vn/p-i.65173602.25337798993
4840701480660 ,https://lazada.vn/products/i2990349819.html
8429527938370 ,https://lazada.vn/products/i3138300780.html
,https://shopee.vn/p-i.1319550574.27285478215
3216969083369 ,https://shopee.vn/S%C3%A1ch-Tr%E1%BB%9F-Th%C3%A0nh-Ch%C3%A0ng-V%E1%BB%A3-L%C3%A0m-N%E1%BB%81n-C%E1%BB%A7a-Nh%C3%A2n-V%E1%BA%ADt-Ph%E1%BA%A3n-Di%E1%BB%87n-%E2%80%93-T%E1%BA%ADp-1-AZB-i.1258767910.28004214915?sp_atk=6e7630bf-99c6-4754-bba9-41412d5a7a78&xptdk=6e7630bf-99c6-4754-bba9-41412d5a7a78
,https://shopee.vn/S%C3%A1ch-Tr%E1%BB%9F-Th%C3%A0nh-Ch%C3%A0ng-V%E1%BB%A3-L%C3%A0m-N%E1%BB%81n-C%E1%BB%A7a-Nh%C3%A2n-V%E1%BA%ADt-Ph%E1%BA%A3n-Di%E1%BB%87n-(T%E1%BA%ADp-2)-i.392838844.27207062214?sp_atk=3a1e8147-4392-47ba-b229-78a823c889e0&xptdk=3a1e8147-4392-47ba-b229-78a823c889e0
,https://shopee.vn/S%C3%A1ch-Tr%E1%BB%9F-Th%C3%A0nh-Ch%C3%A0ng-V%E1%BB%A3-L%C3%A0m-N%E1%BB%81n-C%E1%BB%A7a-Nh%C3%A2n-V%E1%BA%ADt-Ph%E1%BA%A3n-Di%E1%BB%87n-(T%E1%BA%ADp-2)-i.45194730.28756788234?sp_atk=ed263618-eead-4816-b4df-ee2b51885377&xptdk=ed263618-eead-4816-b4df-ee2b51885377
5014681283318 ,https://www.fahasa.com/long-toi-nhe-khi-me-roi-xa.html
6749648436906 ,https://www.lazada.vn/products/i2930598665.html
3591049161093 ,https://shopee.vn/p-i.90740928.28986150394
1883827477978 ,https://shopee.vn/p-i.65173602.28430990310
9502913333439 ,https://shopee.vn/p-i.392838844.28083460963
7133898481597 ,https://shopee.vn/p-i.74419831.28604279812
5884874621333 ,https://shopee.vn/p-i.42973303.29680484827
4458824203046 ,https://www.lazada.vn/products/i3150823332.html
4435910958570 ,https://shopee.vn/p-i.964498267.27517382838
3692113857844 ,https://shopee.vn/p-i.142856269.42801157657
1007367941121 ,https://shopee.vn/p-i.51646476.25913186054
5310467331168 ,https://shopee.vn/p-i.142856269.26628855860
7074108098418 ,https://www.fahasa.com/define-the-relationship-dinh-ro-moi-quan-he-tap-2-bia-cung-tang-kem-bookmark.html
5045560009267 ,https://shopee.vn/p-i.142856269.27762330963
9620671462545 ,https://shopee.vn/p-i.45194730.29419802089
9782125404168 ,https://shopee.vn/p-i.392838844.29776751516
6419609430341 ,https://shopee.vn/p-i.104227984.13840874973
4664903139123 ,https://shopee.vn/p-i.392838844.42500837293
5303586500146 ,https://www.fahasa.com/nejikemono-bong-ma-han-thu-tap-1-tang-kem-postcard.html
2689855538514 ,https://shopee.vn/p-i.1278061231.26868797142
2302735441276 ,https://www.lazada.vn/products/i472656726.html
7184071445526 ,https://shopee.vn/p-i.1005455348.27573558873
3834136586618 ,https://www.lazada.vn/products/i2701139728.html
1756920151231 ,https://shopee.vn/p-i.243501221.29833594360
6280572222077 ,https://shopee.vn/p-i.1496850274.41805272086
9095238049771 ,https://shopee.vn/p-i.135852798.12560874283
5550246856767 ,https://www.lazada.vn/products/i2678255376.html
1873473275556 ,https://shopee.vn/p-i.45194730.27319454228
5334624363884 ,https://www.fahasa.com/nhung-chuyen-la-ve-ca-tai-ban-2025.html
3385354005081 ,https://www.fahasa.com/tinh-hoa-doi-nhan-xu-the.html
7077510891021 ,https://shopee.vn/p-i.1096078460.29414719849
5760363123448 ,https://shopee.vn/p-i.44665496.29157769629
8960831300726 ,https://shopee.vn/p-i.1510197595.42804083766
6745701110713 ,https://www.fahasa.com/tieng-anh-khong-cong-thuc-nhap-vai-noi-khong-sai.html
2722373930634 ,https://www.fahasa.com/tu-sach-vang-tac-pham-chon-loc-danh-cho-thieu-nhi-vung-troi-tho-au-tai-ban-2024.html
2837785079132 ,https://shopee.vn/p-i.162534564.17386633541
2968970715329 ,https://shopee.vn/p-i.392838844.27627252418
7317494992661 ,https://www.lazada.vn/products/i872662517.html
3686168089178 ,https://shopee.vn/p-i.45194730.27655544977
5017950635491 ,https://www.fahasa.com/ki-niem-70-nam-chien-thang-dien-bien-phu-nhung-ki-uc-dien-bien.html
2629460756984 ,https://shopee.vn/p-i.975865932.19679647952
1458274388288 ,https://shopee.vn/p-i.90740928.28067421978
7133618794624 ,https://shopee.vn/p-i.42988345.29501740110
9708875508655 ,https://www.fahasa.com/ve-nha-an-bat-chao-hanh.html
6643908012307 ,https://www.lazada.vn/products/i2063905994.html
8171866196629 ,https://www.lazada.vn/products/i1482136973.html
5574029835138 ,https://shopee.vn/p-i.104227984.11315554082
5117976398566 ,https://shopee.vn/p-i.915087382.43755765107
9759308177783 ,https://shopee.vn/p-i.335449788.27156352796
2257360174834 ,https://shopee.vn/p-i.254672228.25140064207
9109383338343 ,https://www.lazada.vn/products/i2821810310.html
9402629445780 ,https://shopee.vn/p-i.35584914.1883911492
4491078858431 ,https://www.fahasa.com/ky-nang-thuc-chien-trong-cong-viec.html
9993217791480 ,https://shopee.vn/p-i.404602141.27372177891
1896463523588 ,https://www.fahasa.com/how-brands-grow-con-duong-tang-truong-thuong-hieu-ung-dung.html
5675211429142 ,https://shopee.vn/p-i.188606801.27036266919
9712084889022 ,https://shopee.vn/p-i.408127245.10906718331
1919817887895 ,https://shopee.vn/p-i.181858886.16140331242
2240665022063 ,https://www.lazada.vn/products/i2118623342.html
5635625148117 ,https://www.lazada.vn/products/i973448271.html
9988712055929 ,https://shopee.vn/p-i.131173192.18190619581
4809992737071 ,https://shopee.vn/p-i.115770316.1801367759
3928575736312 ,https://shopee.vn/p-i.61922582.21007257537
5249369135344 ,https://www.lazada.vn/products/i2424270712.html
5839487466452 ,https://www.lazada.vn/products/i235427885.html
7554322998277 ,https://shopee.vn/p-i.975865932.23936906974
9164576890823 ,https://shopee.vn/p-i.35284879.20378802366
6517235621668 ,https://www.lazada.vn/products/i2634583546.html
7111367719594 ,https://shopee.vn/p-i.61922582.4888498160
6840489936994 ,https://shopee.vn/p-i.193849872.4928789427
2825726353839 ,https://shopee.vn/p-i.26947756.2820087763
6250204472631 ,https://www.lazada.vn/products/i2725637051.html
5554425666869 ,https://shopee.vn/p-i.317423456.10415648401
8716977057302 ,https://shopee.vn/p-i.192983257.13304641216
7101963226049 ,https://www.lazada.vn/products/i100095952.html
1551697045526 ,https://www.lazada.vn/products/i283638158.html
8628508692538 ,https://shopee.vn/p-i.115770316.3400649184
5123263247661 ,https://www.lazada.vn/products/i2663729600.html
6757710048227 ,https://shopee.vn/p-i.344800939.21185653790
2166526589539 ,https://www.lazada.vn/products/i2345624962.html
3314675122967 ,https://www.lazada.vn/products/i2770829489.html
1798097229454 ,https://shopee.vn/p-i.59597911.28209196704
3737829873521 ,https://www.lazada.vn/products/i274466457.html
5298791472987 ,https://shopee.vn/p-i.192983257.29000832899
9446538888541 ,https://shopee.vn/p-i.24625047.3283422388
2637378902682 ,https://www.lazada.vn/products/i2770813597.html
4062153908166 ,https://shopee.vn/p-i.863711032.27009147660
2315590950467 ,https://www.lazada.vn/products/i246318479.html
1984283626873 ,https://shopee.vn/p-i.59597911.28359197132
1173719454712 ,https://www.lazada.vn/products/i479774493.html
8106672329790 ,https://www.lazada.vn/products/i1472490854.html
2197832241922 ,https://shopee.vn/p-i.130860061.3650042884
6408024100371 ,https://shopee.vn/p-i.421808645.24516934648
8391809781552 ,https://www.lazada.vn/products/i283706108.html
9212166570625 ,https://www.lazada.vn/products/i2700365830.html
9308340016400 ,https://www.lazada.vn/products/i881388797.html
7363684668963 ,https://shopee.vn/p-i.254666730.26303225811
6907944888636 ,https://www.lazada.vn/products/i2346590297.html
4245234622828 ,https://shopee.vn/p-i.299293784.24014661980
7077433649921 ,https://www.lazada.vn/products/i2714629448.html
9712084889022 ,https://shopee.vn/p-i.408127245.10906718331
8791462373992 ,https://www.lazada.vn/products/i2250061579.html
5052286772545 ,https://shopee.vn/p-i.284593651.26812117383
7546980937658 ,https://lazada.vn/products/i469182569.html
4160189613055 ,https://shopee.vn/p-i.14390734.27226580892
5628864929419 ,https://www.lazada.vn/products/pdp-i2972501213.html?spm=a2o4n.searchlist.list.1.15665c0ckXCwzU
,https://www.lazada.vn/products/pdp-i2999893966.html?spm=a2o4n.searchlist.list.3.15665c0ckXCwzU
4462343121044 ,https://shopee.vn/p-i.424470641.22004068705
1974428617449 ,https://shopee.vn/p-i.2921062.3886085048
6606530401453 ,https://www.lazada.vn/products/pdp-i3141926500.html?spm=a2o4n.searchlist.list.5.ba7a66ebP7hU8Q
7314297843475 ,https://shopee.vn/p-i.995852365.19380531301
1199638796882 ,https://lazada.vn/products/i2909833845.html
,https://shopee.vn/p-i.1005455348.24786851594
9172461515910 ,https://shopee.vn/S%C3%A1ch-Gan-D%E1%BA%A1-L%C3%A0-Ch%E1%BA%B3ng-S%E1%BB%A3-G%C3%AC-%C3%80-First-News-i.28367802.26416742495?sp_atk=cee52ad2-ed9b-46c2-af38-66475a3661c2&xptdk=cee52ad2-ed9b-46c2-af38-66475a3661c2
,https://shopee.vn/S%C3%A1ch-Gan-D%E1%BA%A1-L%C3%A0-Ch%E1%BA%B3ng-S%E1%BB%A3-G%C3%AC-%C3%80-Brave-Bears-Don't-Get-Scared-i.142856269.29771158553?sp_atk=d20459a4-4682-4760-84de-36a24375f295&xptdk=d20459a4-4682-4760-84de-36a24375f295
8525844559166 ,https://shopee.vn/p-i.162534564.10395413774
8008230549319 ,https://shopee.vn/p-i.14390734.28417869096
6149105083699 ,https://lazada.vn/products/i2681537259.html
4711473006817 ,https://shopee.vn/p-i.1258767910.27428994740
1024742510995 ,https://shopee.vn/S%C3%A1ch-%C4%90%E1%BA%A5t-m%C3%A1u-Sicily-(T%C3%A1i-B%E1%BA%A3n)-Mario-Puzo-%C4%90%C3%B4ng-A-i.229780573.20885546126?sp_atk=073a13c9-2eee-4bb9-9522-f44db8e06175&xptdk=073a13c9-2eee-4bb9-9522-f44db8e06175
,https://shopee.vn/S%C3%A1ch-%C4%90%E1%BA%A5t-m%C3%A1u-Sicily-TB180-Mario-Puzo-%C4%90%C3%B4ng-A-i.378339269.23756751098?sp_atk=882d3bdb-380c-495d-b27f-143f28b3dcbc&xptdk=882d3bdb-380c-495d-b27f-143f28b3dcbc
,https://shopee.vn/S%C3%A1ch-%C4%90%E1%BA%A5t-m%C3%A1u-Sicily-TB180-Mario-Puzo-%C4%90%C3%B4ng-A(B%C3%ACa-m%E1%BB%9Bi)-i.925524011.25200289677?sp_atk=c8cd8422-6bb5-4c80-a213-a8ec13017be0&xptdk=c8cd8422-6bb5-4c80-a213-a8ec13017be0
2957292752813 ,https://shopee.vn/p-i.45194730.26923529398
3090422307160 ,https://shopee.vn/p-i.371873832.28780871684
8724377978406 ,https://shopee.vn/p-i.46423940.28670003583
7781008027063 ,https://shopee.vn/p-i.243501221.28825970762
8645957505174 ,https://shopee.vn/p-i.915087382.28523663485
8616845909851 ,https://lazada.vn/products/i2640698255.html
4555086652090 ,https://shopee.vn/p-i.171969282.28928880211
6071359640500 ,https://shopee.vn/p-i.119550986.25024976353
2392855782735 ,https://shopee.vn/p-i.188606801.23789931137
2301618072648 ,https://shopee.vn/S%C3%A1ch-The-Fountainhead-(B%C3%ACa-M%E1%BB%81m)-i.142856269.19089711973?sp_atk=263572be-4fd5-4402-9feb-45eedb3a8ea2&xptdk=263572be-4fd5-4402-9feb-45eedb3a8ea2
7209207655930 ,https://shopee.vn/S%C3%A1ch-%C4%90%E1%BA%BFn-L%C6%B0%E1%BB%A3t-T%C3%B4i-L%C3%AAn-S%C3%A2n-Kh%E1%BA%A5u-G%C3%A1nh-Team-(T%E1%BA%ADp-2)-i.392838844.25793539809?sp_atk=968ed72b-6b1d-486f-9495-0b182580e7b2&xptdk=968ed72b-6b1d-486f-9495-0b182580e7b2
,https://shopee.vn/S%C3%A1ch-%C4%90%E1%BA%BFn-L%C6%B0%E1%BB%A3t-T%C3%B4i-L%C3%AAn-S%C3%A2n-Kh%E1%BA%A5u-G%C3%A1nh-Team-(T%E1%BA%ADp-2)-i.45194730.29981875031?sp_atk=a0576d5d-51a6-4f94-b62c-ab637b9173bc&xptdk=a0576d5d-51a6-4f94-b62c-ab637b9173bc
,https://shopee.vn/S%C3%A1ch-%C4%90%E1%BA%BFn-L%C6%B0%E1%BB%A3t-T%C3%B4i-L%C3%AAn-S%C3%A2n-Kh%E1%BA%A5u-G%C3%A1nh-Team-(T%E1%BA%ADp-2)-AZB-i.1258767910.25643565511?sp_atk=96ce2019-2492-4e98-800d-eb92a397b0a6&xptdk=96ce2019-2492-4e98-800d-eb92a397b0a6
9161046085718 ,https://shopee.vn/p-i.242511295.26912423460
3723348874478 ,https://shopee.vn/S%C3%A1ch-Tranh-Truy%E1%BB%87n-D%C3%A2n-Gian-Vi%E1%BB%87t-Nam-S%E1%BB%B1-T%C3%ADch-Ch%C3%BA-Cu%E1%BB%99i-Cung-Tr%C4%83ng-(T%C3%A1i-B%E1%BA%A3n-2023)-i.142856269.23676133817?sp_atk=f57ad5f3-ebad-4a78-af74-ea2b8cfca1f8&xptdk=f57ad5f3-ebad-4a78-af74-ea2b8cfca1f8
2580458326177 ,https://shopee.vn/p-i.116829639.12338852479
7997803051522 ,https://lazada.vn/products/i2941034161.html
2875663145263 ,https://shopee.vn/p-i.58594558.5143989074
5798956624018 ,https://shopee.vn/p-i.1119605663.29186553875
2579673281939 ,https://shopee.vn/p-i.142856269.22587118792
4803547512607 ,https://shopee.vn/S%C3%A1ch-Hank-H%E1%BB%91i-H%E1%BA%ADn-First-News-i.28367802.24088037377?sp_atk=fb7a9d6d-f592-402a-8e46-3ed754bd3ec9&xptdk=fb7a9d6d-f592-402a-8e46-3ed754bd3ec9
8647863363037 ,https://shopee.vn/S%C3%A1ch-Th%C3%A1m-T%E1%BB%AD-L%E1%BB%ABng-Danh-Conan-T%E1%BA%ADp-104-i.1441006448.41013110310?sp_atk=5f7d73fd-af0a-468a-893e-ad439a2c8547&xptdk=5f7d73fd-af0a-468a-893e-ad439a2c8547
,https://shopee.vn/S%C3%A1ch-Th%C3%A1m-T%E1%BB%AD-L%E1%BB%ABng-Danh-Conan-T%E1%BA%ADp-104-i.142856269.26317675427?sp_atk=af73f87e-aca9-4d28-a6c8-746131f5b991&xptdk=af73f87e-aca9-4d28-a6c8-746131f5b991
9535793462196 ,https://lazada.vn/products/i2944883591.html
7572714646998 ,https://shopee.vn/p-i.1096694921.29130923228
2596614323862 ,https://shopee.vn/S%C3%A1ch-L%E1%BA%BB-Combo-S%E1%BB%B1-Th%E1%BA%ADt-Tr%E1%BA%A7n-Tr%E1%BB%A5i-V%E1%BB%81-Ti%E1%BB%81n-Kinh-T%E1%BA%BF-H%E1%BB%8Dc-Tr%E1%BA%A7n-Tr%E1%BB%A5i-S%E1%BB%B1-Th%E1%BA%ADt-Tr%E1%BA%A7n-Tr%E1%BB%A5i-V%E1%BB%81-Th%E1%BB%91ng-K%C3%AA-(Alpha-Books)-i.44665496.29812988802?sp_atk=411886f2-b108-413b-9339-bf91109f644e&xptdk=411886f2-b108-413b-9339-bf91109f644e
,https://shopee.vn/S%C3%A1ch-Kinh-T%E1%BA%BF-H%E1%BB%8Dc-D%C3%A0nh-Cho-%C4%90%E1%BA%A1i-Ch%C3%BAng-Tr%E1%BA%A7n-Tr%E1%BB%A5i-D%E1%BB%85-X%C6%A1i-Khi-Kinh-T%E1%BA%BF-Gia-B%E1%BB%A5ng-%C4%90%C3%B3i-Gi%E1%BA%A3i-Th%C3%ADch-V%E1%BB%81-Th%E1%BA%BF-Gi%E1%BB%9Bi-(Tr%E1%BB%8Dn-B%E1%BB%99)-i.142856269.41711544285?sp_atk=56572893-27f8-45b9-af6e-7450e010445c&xptdk=56572893-27f8-45b9-af6e-7450e010445c
,https://shopee.vn/L%E1%BA%BB-Combo-S%C3%A1ch-S%E1%BB%B1-Th%E1%BA%ADt-Tr%E1%BA%A7n-Tr%E1%BB%A5i-V%E1%BB%81-Ti%E1%BB%81n-Kinh-T%E1%BA%BF-H%E1%BB%8Dc-Tr%E1%BA%A7n-Tr%E1%BB%A5i-S%E1%BB%B1-Th%E1%BA%ADt-Tr%E1%BA%A7n-Tr%E1%BB%A5i-V%E1%BB%81-Th%E1%BB%91ng-K%C3%AA-(AB)-i.329874075.27162963735?sp_atk=3351e69c-658e-45a2-b245-9c18a988e394&xptdk=3351e69c-658e-45a2-b245-9c18a988e394
4271280265026 ,https://lazada.vn/products/i3141799874.html
7546980937658 ,https://lazada.vn/products/i469182569.html
4160189613055 ,https://shopee.vn/p-i.14390734.27226580892
5628864929419 ,https://www.lazada.vn/products/pdp-i2972501213.html?spm=a2o4n.searchlist.list.1.15665c0ckXCwzU
,https://www.lazada.vn/products/pdp-i2999893966.html?spm=a2o4n.searchlist.list.3.15665c0ckXCwzU
4462343121044 ,https://shopee.vn/p-i.424470641.22004068705
1974428617449 ,https://shopee.vn/p-i.2921062.3886085048
6606530401453 ,https://www.lazada.vn/products/pdp-i3141926500.html?spm=a2o4n.searchlist.list.5.ba7a66ebP7hU8Q
7314297843475 ,https://shopee.vn/p-i.995852365.19380531301
1199638796882 ,https://lazada.vn/products/i2909833845.html
,https://shopee.vn/p-i.1005455348.24786851594
9172461515910 ,https://shopee.vn/S%C3%A1ch-Gan-D%E1%BA%A1-L%C3%A0-Ch%E1%BA%B3ng-S%E1%BB%A3-G%C3%AC-%C3%80-First-News-i.28367802.26416742495?sp_atk=cee52ad2-ed9b-46c2-af38-66475a3661c2&xptdk=cee52ad2-ed9b-46c2-af38-66475a3661c2
,https://shopee.vn/S%C3%A1ch-Gan-D%E1%BA%A1-L%C3%A0-Ch%E1%BA%B3ng-S%E1%BB%A3-G%C3%AC-%C3%80-Brave-Bears-Don't-Get-Scared-i.142856269.29771158553?sp_atk=d20459a4-4682-4760-84de-36a24375f295&xptdk=d20459a4-4682-4760-84de-36a24375f295
8525844559166 ,https://shopee.vn/p-i.162534564.10395413774
8008230549319 ,https://shopee.vn/p-i.14390734.28417869096
6149105083699 ,https://lazada.vn/products/i2681537259.html
4711473006817 ,https://shopee.vn/p-i.1258767910.27428994740
1024742510995 ,https://shopee.vn/S%C3%A1ch-%C4%90%E1%BA%A5t-m%C3%A1u-Sicily-(T%C3%A1i-B%E1%BA%A3n)-Mario-Puzo-%C4%90%C3%B4ng-A-i.229780573.20885546126?sp_atk=073a13c9-2eee-4bb9-9522-f44db8e06175&xptdk=073a13c9-2eee-4bb9-9522-f44db8e06175
,https://shopee.vn/S%C3%A1ch-%C4%90%E1%BA%A5t-m%C3%A1u-Sicily-TB180-Mario-Puzo-%C4%90%C3%B4ng-A-i.378339269.23756751098?sp_atk=882d3bdb-380c-495d-b27f-143f28b3dcbc&xptdk=882d3bdb-380c-495d-b27f-143f28b3dcbc
,https://shopee.vn/S%C3%A1ch-%C4%90%E1%BA%A5t-m%C3%A1u-Sicily-TB180-Mario-Puzo-%C4%90%C3%B4ng-A(B%C3%ACa-m%E1%BB%9Bi)-i.925524011.25200289677?sp_atk=c8cd8422-6bb5-4c80-a213-a8ec13017be0&xptdk=c8cd8422-6bb5-4c80-a213-a8ec13017be0
2957292752813 ,https://shopee.vn/p-i.45194730.26923529398
3090422307160 ,https://shopee.vn/p-i.371873832.28780871684
8724377978406 ,https://shopee.vn/p-i.46423940.28670003583
7781008027063 ,https://shopee.vn/p-i.243501221.28825970762
8645957505174 ,https://shopee.vn/p-i.915087382.28523663485
8616845909851 ,https://lazada.vn/products/i2640698255.html
4555086652090 ,https://shopee.vn/p-i.171969282.28928880211
6071359640500 ,https://shopee.vn/p-i.119550986.25024976353
2392855782735 ,https://shopee.vn/p-i.188606801.23789931137
2301618072648 ,https://shopee.vn/S%C3%A1ch-The-Fountainhead-(B%C3%ACa-M%E1%BB%81m)-i.142856269.19089711973?sp_atk=263572be-4fd5-4402-9feb-45eedb3a8ea2&xptdk=263572be-4fd5-4402-9feb-45eedb3a8ea2
7209207655930 ,https://shopee.vn/S%C3%A1ch-%C4%90%E1%BA%BFn-L%C6%B0%E1%BB%A3t-T%C3%B4i-L%C3%AAn-S%C3%A2n-Kh%E1%BA%A5u-G%C3%A1nh-Team-(T%E1%BA%ADp-2)-i.392838844.25793539809?sp_atk=968ed72b-6b1d-486f-9495-0b182580e7b2&xptdk=968ed72b-6b1d-486f-9495-0b182580e7b2
,https://shopee.vn/S%C3%A1ch-%C4%90%E1%BA%BFn-L%C6%B0%E1%BB%A3t-T%C3%B4i-L%C3%AAn-S%C3%A2n-Kh%E1%BA%A5u-G%C3%A1nh-Team-(T%E1%BA%ADp-2)-i.45194730.29981875031?sp_atk=a0576d5d-51a6-4f94-b62c-ab637b9173bc&xptdk=a0576d5d-51a6-4f94-b62c-ab637b9173bc
,https://shopee.vn/S%C3%A1ch-%C4%90%E1%BA%BFn-L%C6%B0%E1%BB%A3t-T%C3%B4i-L%C3%AAn-S%C3%A2n-Kh%E1%BA%A5u-G%C3%A1nh-Team-(T%E1%BA%ADp-2)-AZB-i.1258767910.25643565511?sp_atk=96ce2019-2492-4e98-800d-eb92a397b0a6&xptdk=96ce2019-2492-4e98-800d-eb92a397b0a6
9161046085718 ,https://shopee.vn/p-i.242511295.26912423460
3723348874478 ,https://shopee.vn/S%C3%A1ch-Tranh-Truy%E1%BB%87n-D%C3%A2n-Gian-Vi%E1%BB%87t-Nam-S%E1%BB%B1-T%C3%ADch-Ch%C3%BA-Cu%E1%BB%99i-Cung-Tr%C4%83ng-(T%C3%A1i-B%E1%BA%A3n-2023)-i.142856269.23676133817?sp_atk=f57ad5f3-ebad-4a78-af74-ea2b8cfca1f8&xptdk=f57ad5f3-ebad-4a78-af74-ea2b8cfca1f8
2580458326177 ,https://shopee.vn/p-i.116829639.12338852479
7997803051522 ,https://lazada.vn/products/i2941034161.html
2875663145263 ,https://shopee.vn/p-i.58594558.5143989074
5798956624018 ,https://shopee.vn/p-i.1119605663.29186553875
2579673281939 ,https://shopee.vn/p-i.142856269.22587118792
4803547512607 ,https://shopee.vn/S%C3%A1ch-Hank-H%E1%BB%91i-H%E1%BA%ADn-First-News-i.28367802.24088037377?sp_atk=fb7a9d6d-f592-402a-8e46-3ed754bd3ec9&xptdk=fb7a9d6d-f592-402a-8e46-3ed754bd3ec9
8647863363037 ,https://shopee.vn/S%C3%A1ch-Th%C3%A1m-T%E1%BB%AD-L%E1%BB%ABng-Danh-Conan-T%E1%BA%ADp-104-i.1441006448.41013110310?sp_atk=5f7d73fd-af0a-468a-893e-ad439a2c8547&xptdk=5f7d73fd-af0a-468a-893e-ad439a2c8547
,https://shopee.vn/S%C3%A1ch-Th%C3%A1m-T%E1%BB%AD-L%E1%BB%ABng-Danh-Conan-T%E1%BA%ADp-104-i.142856269.26317675427?sp_atk=af73f87e-aca9-4d28-a6c8-746131f5b991&xptdk=af73f87e-aca9-4d28-a6c8-746131f5b991
9535793462196 ,https://lazada.vn/products/i2944883591.html
7572714646998 ,https://shopee.vn/p-i.1096694921.29130923228
2596614323862 ,https://shopee.vn/S%C3%A1ch-L%E1%BA%BB-Combo-S%E1%BB%B1-Th%E1%BA%ADt-Tr%E1%BA%A7n-Tr%E1%BB%A5i-V%E1%BB%81-Ti%E1%BB%81n-Kinh-T%E1%BA%BF-H%E1%BB%8Dc-Tr%E1%BA%A7n-Tr%E1%BB%A5i-S%E1%BB%B1-Th%E1%BA%ADt-Tr%E1%BA%A7n-Tr%E1%BB%A5i-V%E1%BB%81-Th%E1%BB%91ng-K%C3%AA-(Alpha-Books)-i.44665496.29812988802?sp_atk=411886f2-b108-413b-9339-bf91109f644e&xptdk=411886f2-b108-413b-9339-bf91109f644e
,https://shopee.vn/S%C3%A1ch-Kinh-T%E1%BA%BF-H%E1%BB%8Dc-D%C3%A0nh-Cho-%C4%90%E1%BA%A1i-Ch%C3%BAng-Tr%E1%BA%A7n-Tr%E1%BB%A5i-D%E1%BB%85-X%C6%A1i-Khi-Kinh-T%E1%BA%BF-Gia-B%E1%BB%A5ng-%C4%90%C3%B3i-Gi%E1%BA%A3i-Th%C3%ADch-V%E1%BB%81-Th%E1%BA%BF-Gi%E1%BB%9Bi-(Tr%E1%BB%8Dn-B%E1%BB%99)-i.142856269.41711544285?sp_atk=56572893-27f8-45b9-af6e-7450e010445c&xptdk=56572893-27f8-45b9-af6e-7450e010445c
,https://shopee.vn/L%E1%BA%BB-Combo-S%C3%A1ch-S%E1%BB%B1-Th%E1%BA%ADt-Tr%E1%BA%A7n-Tr%E1%BB%A5i-V%E1%BB%81-Ti%E1%BB%81n-Kinh-T%E1%BA%BF-H%E1%BB%8Dc-Tr%E1%BA%A7n-Tr%E1%BB%A5i-S%E1%BB%B1-Th%E1%BA%ADt-Tr%E1%BA%A7n-Tr%E1%BB%A5i-V%E1%BB%81-Th%E1%BB%91ng-K%C3%AA-(AB)-i.329874075.27162963735?sp_atk=3351e69c-658e-45a2-b245-9c18a988e394&xptdk=3351e69c-658e-45a2-b245-9c18a988e394
4271280265026 ,https://lazada.vn/products/i3141799874.html
3602918496937 ,https://shopee.vn/p-i.1258767910.29831646355
3130814142643 ,https://shopee.vn/p-i.1006393190.41102465716
3924253788480 ,https://www.lazada.vn/products/i2979831671.html
6219988807281 ,https://www.fahasa.com/vaccine-tinh-yeu.html
1042360126470 ,https://shopee.vn/p-i.45194730.29328470761
7576969559471 ,https://www.lazada.vn/products/i3058097581.html
5711221345939 ,https://shopee.vn/p-i.1319550574.29434807116
6367383238192 ,https://shopee.vn/p-i.45194730.26336286540
6190884940392 ,https://shopee.vn/p-i.451577965.42711281386
6578072171046 ,https://www.lazada.vn/products/i3138225800.html
8112064087031 ,https://shopee.vn/p-i.58594558.6553912582
6776276068780 ,https://www.fahasa.com/ong-quoi.html
4552743884695 ,https://shopee.vn/p-i.995852365.41800118774
5549407017837 ,https://shopee.vn/p-i.392838844.43950309169
4472575189982 ,https://www.lazada.vn/products/i3163307028.html
7647255627315 ,https://shopee.vn/p-i.119038222.24393757462
9219396991975 ,https://shopee.vn/p-i.14390734.29783509137
6086230045817 ,https://shopee.vn/p-i.404602141.43255267978
3022660313498 ,https://www.lazada.vn/products/i3036090137.html
5782234969858 ,https://www.fahasa.com/ga-du-dang-chung-ta-dang-lung-kiem.html
8563275875814 ,https://shopee.vn/p-i.188606801.22330438332
4235613304073 ,https://www.fahasa.com/bo-sach-bua-tiec-triet-hoc-bo-6-cuon.html
8599711440614 ,https://www.fahasa.com/tuyen-chon-nhung-bai-van-mieu-ta-2-442829.html
6494069600019 ,https://www.fahasa.com/tranh-truyen-dan-gian-viet-nam-son-tinh-thuy-tinh-tai-ban-2023.html
7512507326181 ,https://www.fahasa.com/tuyen-chon-nhung-bai-van-mieu-ta-4.html
7766697118729 ,https://www.fahasa.com/tham-tu-lung-danh-conan-tap-95-tai-ban-2023.html
6740263576200 ,https://www.lazada.vn/products/i2408907380.html
5142650639856 ,https://shopee.vn/p-i.135852798.5858182887
5773104470149 ,https://www.fahasa.com/the-rules-of-wealth-nhung-quy-tac-de-giau-co-tai-ban-2023.html
6318349881429 ,https://shopee.vn/p-i.142856269.23770169281
5203863438873 ,https://www.fahasa.com/tham-tu-lung-danh-conan-tap-86-tai-ban-2023.html
2525486151821 ,https://www.fahasa.com/chat-gpt-trao-luu-hay-tuong-lai-nhan-loai.html
5548023497430 ,https://shopee.vn/p-i.270437751.25271119084
1810505632982 ,https://www.fahasa.com/saigon-the-lifestyle-and-the-food.html
8894329665528 ,https://shopee.vn/p-i.44665496.21975563069
8557284020674 ,https://www.fahasa.com/loi-hoi-dap-cho-nhung-uu-tu.html
2619598069958 ,https://www.fahasa.com/nhoc-miko-co-be-nhi-nhanh-tap-5-tai-ban-2023.html
7286817829919 ,https://shopee.vn/p-i.392838844.27802686266
3101901370157 ,https://shopee.vn/p-i.58594558.24707734631
1207447421423 ,https://www.fahasa.com/think-and-grow-rich-13-nguyen-tac-nghi-giau-lam-giau-bia-cung-441516.html
7635125193055 ,https://shopee.vn/p-i.77723853.29451058643
4010011795818 ,https://www.lazada.vn/products/i2763369663.html
4465216777653 ,https://shopee.vn/p-i.65173602.26107689564
1233495293448 ,https://www.lazada.vn/products/i1249939923.html
5423810346454 ,https://shopee.vn/p-i.142856269.29912201411
6336423478286 ,https://www.fahasa.com/thao-tung-cam-xuc-ap-dat-va-dinh-kien.html
7900491244849 ,https://shopee.vn/p-i.45194730.28561920311
9979645009122 ,https://shopee.vn/p-i.984678604.28227689592
4002125117494 ,https://www.fahasa.com/song-597174.html
9291650091995 ,https://www.fahasa.com/den-cuoi-ngay-ai-cung-can-mot-dieu-de-tin-tang-kem-bookmark.html
5275053856243 ,https://shopee.vn/p-i.1044986550.24983254407
8038543903053 ,https://www.fahasa.com/xin-chao-toi-la-nguoi-don-xac.html
5639804384572 ,https://www.lazada.vn/products/i2981996493.html
6878699019890 ,https://www.fahasa.com/gia-dinh-nhung-noi-dau-ngot-ngao.html
8721002994061 ,https://shopee.vn/p-i.80145433.4561868887
3987066606549 ,https://www.lazada.vn/products/i473070604.html
2847189841721 ,https://shopee.vn/p-i.335449788.18425879165
4502297258345 ,https://www.fahasa.com/dan-ong-sao-hoa-dan-ba-sao-kim-bach-khoa-toan-thu-ve-quan-he-hai-gioi-bia-cung-422026.html
7919341058580 ,https://shopee.vn/p-i.243501221.22523511279
7862423593221 ,https://www.fahasa.com/tranh-truyen-lich-su-viet-nam-quang-trung-tai-ban-2023.html
8807743847559 ,https://www.fahasa.com/chieu-chieu-qua-noi-voi-dieu.html
5299622695624 ,https://www.fahasa.com/21-chien-luoc-lanh-dao-ban-than-danh-cho-doanh-nhan.html
5030164032276 ,https://www.fahasa.com/con-mua-boi-bac.html
8693996238330 ,https://www.fahasa.com/cam-nang-sinh-hoat-bang-tranh-cho-be-tap-3-ki-nang-di-ra-ngoai-tai-ban-2019.html
8514162866743 ,https://www.fahasa.com/nao-bo-cung-can-luoi-bieng.html
5550343696602 ,https://www.fahasa.com/ultrarunning-nhung-kien-thuc-can-thiet-cho-chay-sieu-dai.html
6199540970309 ,https://shopee.vn/p-i.142856269.23689732865
1333781578869 ,https://www.fahasa.com/su-ta-chuyen-xua-ke-lai-4-tai-ban-2019.html
8010652510026 ,https://www.fahasa.com/to-tu-duy-nhu-mot-nha-giai-phau-hoc-tat-tan-tat-ve-co-the-nguoi-tai-ban-2024.html
1974561808194 ,https://shopee.vn/p-i.329874075.25714960309
9764902498652 ,https://www.fahasa.com/nhat-quy-nhi-ma-thu-ba-takagi-fanbook-chinh-thuc-ke-hoach-tac-chien-cua-takagi-tang-kem-set-2-bookmark.html
3901510193047 ,https://shopee.vn/p-i.746238049.22049753191
4310478063100 ,https://shopee.vn/p-i.431679329.24776290913
9534796602315 ,https://www.fahasa.com/thien-tai-pha-an-ke-hoach-chua-lanh-cua-ke-sat-nhan.html
1061504051354 ,https://www.lazada.vn/products/i2694332882.html
8711247132087 ,https://shopee.vn/p-i.1240428935.26102347511
8326344490305 ,https://www.fahasa.com/bo-de-kiem-tra-tieng-viet-lop-2-tap-2-ket-noi.html
8607449549382 ,https://www.fahasa.com/vi-sao-to-nen-quan-ly-cam-xuc-khi-lo-lang.html
9752540297003 ,https://shopee.vn/p-i.142856269.25080022872
1323322913725 ,https://shopee.vn/p-i.142856269.25331510401
3176748763223 ,https://www.fahasa.com/the-origin-of-species-nguon-goc-cac-loai-tap-2-tang-kem-2-bookmark-boi-cung.html
9902971162890 ,https://shopee.vn/p-i.242511295.27752499073
9433774407812 ,https://shopee.vn/p-i.142856269.25127391504
5612063358325 ,https://shopee.vn/p-i.1240428935.26102347511
6616804825603 ,https://www.fahasa.com/lich-su-viet-nam-bang-tranh-mai-de-phung-vuong-ban-mau.html
9374946780168 ,https://www.fahasa.com/van-ban-va-he-sinh-thai-van-ban-viet-dien-u-linh-tap-tu-chuc-nang-den-nghe-thuat.html
6588584349620 ,https://shopee.vn/p-i.142856269.26754207947
2929571208872 ,https://www.fahasa.com/flash-card-giao-duc-som-the-thong-minh-chuan-glenn-doman-day-tre-ve-the-gioi-xung-quanh-tai-ban-2023.html
9004432469776 ,https://www.fahasa.com/phep-tac-nguoi-con-de-tu-quy.html
3121011140882 ,https://www.fahasa.com/hom-nay-cau-ay-cung-that-de-thuong-tap-6-tang-kem-postcard-can-mo.html
6400858790772 ,https://www.fahasa.com/dung-cam-la-tien-len-voi-noi-so-hai-tang-kem-bookmark-postcard.html
7379724726378 ,https://shopee.vn/p-i.65173602.27258899487
1317759189538 ,https://shopee.vn/p-i.392838844.25030298675
3204467162777 ,https://www.fahasa.com/soul-therapy-tu-binh-tinh-toi-binh-yen.html
4405099279852 ,https://www.fahasa.com/cha-brown-va-nhung-toi-ac-bat-kha-thi.html
5974896354226 ,https://www.fahasa.com/360-dong-tu-bat-quy-tac-va-cach-dung-cac-thi-trong-tieng-anh-tai-ban-2024.html
7872821946961 ,https://shopee.vn/p-i.142856269.27661982819
5691450178476 ,https://shopee.vn/p-i.45194730.24236393162
1970878481585 ,https://www.fahasa.com/cau-view-kinh-te-chu-y.html
4545182664640 ,https://shopee.vn/p-i.392838844.26960014722
5481728062834 ,https://www.fahasa.com/365-ngay-dau-tien-o-xu-so-hoa-anh-dao-hanh-trinh-du-hoc-o-tuoi-15.html
6510849874558 ,https://shopee.vn/p-i.171969282.27905314358
5088768722820 ,https://www.fahasa.com/200-bi-an-thu-vi-ve-vu-tru.html
8008477341438 ,https://shopee.vn/p-i.189516129.26863469886
6149221754927 ,https://www.lazada.vn/products/i2990845140.html
3481617141129 ,https://www.fahasa.com/ky-thi-nang-luc-nhat-ngu-jlpt-n3-point-practice-chu-viet-tu-vung.html
2226942788607 ,https://shopee.vn/p-i.1005455348.24933241251
6535439759325 ,https://shopee.vn/p-i.928986609.29561773366
5450613800084 ,https://shopee.vn/p-i.45194730.26163294554
1686128503770 ,https://shopee.vn/p-i.45194730.28775913266
3627701724037 ,https://www.lazada.vn/products/i3026474793.html
6492215318521 ,https://shopee.vn/p-i.74678612.27924198075
3434339839809 ,https://shopee.vn/p-i.1258767910.27113440634
9327320168045 ,https://www.fahasa.com/gio-dong-rung-ruc.html
3205357670485 ,https://shopee.vn/p-i.162534564.28459340222
9651845214420 ,https://shopee.vn/p-i.1258767910.27023302127
4023314106188 ,https://shopee.vn/p-i.45194730.29424593980
7085818683736 ,https://www.lazada.vn/products/i2799923194.html
9667855460823 ,https://www.fahasa.com/nhung-nha-tu-tuong-lon-buddha-duc-phat-trong-60-phut.html
6791076132894 ,https://www.fahasa.com/so-tay-an-dam-cua-me-nhat.html
5151128492762 ,https://shopee.vn/p-i.38219494.28016243147
9724241860946 ,https://www.lazada.vn/products/i1492146745.html
4665669366342 ,https://shopee.vn/p-i.453043569.20276835105
2376423515082 ,https://shopee.vn/p-i.328910017.18776642378
2365888594389 ,https://www.lazada.vn/products/i1763553324.html
1034229891143 ,https://www.lazada.vn/products/i676482360.html
9149569596410 ,https://shopee.vn/p-i.299293784.22174210870
5040970851913 ,https://shopee.vn/p-i.24625047.22328170417
7282874586891 ,https://shopee.vn/p-i.421808645.24516934648
2528895324819 ,https://shopee.vn/p-i.151657812.22081789421
8171748327398 ,https://shopee.vn/p-i.1928354.15526509588
9227810670955 ,https://shopee.vn/p-i.1928354.6954440381
1340593075962 ,https://shopee.vn/p-i.135852798.26058846638
4615502693676 ,https://lazada.vn/products/i2901843566.html
7682617187347 ,https://shopee.vn/p-i.382855054.27560145462
3496554273604 ,https://lazada.vn/products/i2865108900.html
5066827199476 ,https://shopee.vn/S%C3%A1ch-N%C3%A0ng-Idol-%C4%91%C3%B3i-b%E1%BB%A5ng-g%E1%BA%B7p-%C4%91%C6%B0%E1%BB%A3c-ch%C3%A0ng-n%E1%BB%99i-ch%E1%BB%A3-%C4%91%E1%BA%A3m-%C4%91ang-(T%E1%BA%ACP-1-2)-kazuha-kishimoto-i.26003943.25437865782?sp_atk=7207124d-8ed5-4c50-ad63-6ffc3021760e&xptdk=7207124d-8ed5-4c50-ad63-6ffc3021760e
,https://shopee.vn/S%C3%A1ch-N%C3%A0ng-Idol-%C4%90%C3%B3i-B%E1%BB%A5ng-G%E1%BA%B7p-%C4%90%C6%B0%E1%BB%A3c-Ch%C3%A0ng-N%E1%BB%99i-Tr%E1%BB%A3-%C4%90%E1%BA%A3m-%C4%90ang-(T%E1%BA%ADp-1)-i.45194730.29016004368?sp_atk=41422545-a37e-4387-b01b-262aaf389a59&xptdk=41422545-a37e-4387-b01b-262aaf389a59
,https://shopee.vn/S%C3%A1ch-N%C3%A0ng-Idol-%C4%90%C3%B3i-B%E1%BB%A5ng-G%E1%BA%B7p-%C4%90%C6%B0%E1%BB%A3c-Ch%C3%A0ng-N%E1%BB%99i-Tr%E1%BB%A3-%C4%90%E1%BA%A3m-%C4%90ang-(T%E1%BA%ADp-1)-i.392838844.24287950008?sp_atk=71d0b945-575a-47a1-b097-8c8f8fc1bcb8&xptdk=71d0b945-575a-47a1-b097-8c8f8fc1bcb8
6258412905713 ,https://shopee.vn/S%C3%A1ch-Thu%E1%BA%A7n-Th%C3%BA-S%C6%B0-%E1%BB%9E-D%E1%BB%8B-Gi%E1%BB%9Bi-(T%E1%BA%ADp-4)-i.45194730.29164706102?sp_atk=ee0bdcb5-9feb-423e-87b8-8b5a5ce17c63&xptdk=ee0bdcb5-9feb-423e-87b8-8b5a5ce17c63
,https://shopee.vn/S%C3%A1ch-Thu%E1%BA%A7n-Th%C3%BA-S%C6%B0-%E1%BB%9E-D%E1%BB%8B-Gi%E1%BB%9Bi-(T%E1%BA%ADp-4)-i.469003236.41262089633?sp_atk=758510da-32be-41ac-be47-8759a76e3b8c&xptdk=758510da-32be-41ac-be47-8759a76e3b8c
,https://shopee.vn/S%C3%A1ch-Thu%E1%BA%A7n-Th%C3%BA-S%C6%B0-%E1%BB%9E-D%E1%BB%8B-Gi%E1%BB%9Bi-(T%E1%BA%ADp-4)-i.392838844.29865433558?sp_atk=fc5a8224-81cb-46d2-adaf-88545bea2785&xptdk=fc5a8224-81cb-46d2-adaf-88545bea2785
1022129130808 ,https://shopee.vn/p-i.142856269.29723621885
2253491411757 ,https://shopee.vn/S%C3%A1ch-Sau-Khi-Th%E1%BB%8Fa-Thu%E1%BA%ADn-K%E1%BA%BFt-H%C3%B4n-C%C3%B9ng-%E1%BA%A2nh-%C4%90%E1%BA%BF-(T%E1%BA%ADp-2)-i.45194730.29058142413?sp_atk=7ab6f881-cd1e-4f63-9012-f73028d0aa76&xptdk=7ab6f881-cd1e-4f63-9012-f73028d0aa76
,https://shopee.vn/S%C3%A1ch-Sau-Khi-Th%E1%BB%8Fa-Thu%E1%BA%ADn-K%E1%BA%BFt-H%C3%B4n-C%C3%B9ng-%E1%BA%A2nh-%C4%90%E1%BA%BF-T%E1%BA%ADp-2-T%E1%BA%B7ng-K%C3%A8m-Bookmark-PVC-i.142856269.25735009650?sp_atk=47f15cb3-f131-4660-925e-d72c6f009f25&xptdk=47f15cb3-f131-4660-925e-d72c6f009f25
,https://shopee.vn/S%C3%A1ch-Sau-Khi-Th%E1%BB%8Fa-Thu%E1%BA%ADn-K%E1%BA%BFt-H%C3%B4n-C%C3%B9ng-%E1%BA%A2nh-%C4%90%E1%BA%BF-T%E1%BA%ADp-2-i.1201545591.27361165018?sp_atk=70aebf80-65ae-4029-a0c1-0d73c59b2fc5&xptdk=70aebf80-65ae-4029-a0c1-0d73c59b2fc5
9384808488244 ,https://lazada.vn/products/i2812427266.html
8117151735347 ,https://shopee.vn/S%C3%A1ch-Sky-V%C3%AC-Con-G%C3%A1i-T%C3%B4i-C%C3%B3-Th%E1%BB%83-%C4%90%C3%A1nh-B%E1%BA%A1i-C%E1%BA%A3-Ma-V%C6%B0%C6%A1ng-(T%E1%BA%ADp-9)-i.154779484.27369372527?sp_atk=1aa7f9e1-eefd-4a00-9fd5-e458487bca2e&xptdk=1aa7f9e1-eefd-4a00-9fd5-e458487bca2e
,https://shopee.vn/S%C3%A1ch-V%C3%AC-Con-G%C3%A1i-T%C3%B4i-C%C3%B3-Th%E1%BB%83-%C4%90%C3%A1nh-B%E1%BA%A1i-C%E1%BA%A3-Ma-V%C6%B0%C6%A1ng-(T%E1%BA%ADp-9)-i.728042324.29079931466?sp_atk=1c62a6b4-321b-43a2-86b2-86cb6967acce&xptdk=1c62a6b4-321b-43a2-86b2-86cb6967acce
,https://shopee.vn/S%C3%A1ch-V%C3%AC-Con-G%C3%A1i-T%C3%B4i-C%C3%B3-Th%E1%BB%83-%C4%90%C3%A1nh-B%E1%BA%A1i-C%E1%BA%A3-Ma-V%C6%B0%C6%A1ng-T%E1%BA%ADp-9-T%E1%BA%B7ng-K%C3%A8m-Bookmark-i.142856269.26974349110?sp_atk=023b6b39-847d-430d-bfff-5514d97e5466&xptdk=023b6b39-847d-430d-bfff-5514d97e5466
5667461892463 ,https://shopee.vn/p-i.242511295.29371582766
5136761400891 ,https://shopee.vn/p-i.1059664593.24991627771
5789163877708 ,https://shopee.vn/p-i.1212582053.29207751323
5747743996946 ,https://shopee.vn/p-i.1240428935.28821007811
9898110844826 ,https://shopee.vn/p-i.1096694921.29573116159
9628026242637 ,https://lazada.vn/products/i2799894226.html
5463722453326 ,https://shopee.vn/p-i.90428978.26573328593
6382939708302 ,https://lazada.vn/products/i2845216128.html
4904003949358 ,https://shopee.vn/p-i.344139646.29617319915
8205268939232 ,https://shopee.vn/p-i.45194730.28026640180
8589426717432 ,https://shopee.vn/S%C3%A1ch-Cardcaptor-Sakura-Th%E1%BA%BB-B%C3%A0i-Pha-L%C3%AA-T%E1%BA%ADp-15-i.1441006448.24594167648?sp_atk=820e58d6-dd8f-442f-8228-aee039ffcfdf&xptdk=820e58d6-dd8f-442f-8228-aee039ffcfdf
,https://shopee.vn/S%C3%A1ch-Cardcaptor-Sakura-Th%E1%BA%BB-B%C3%A0i-Pha-L%C3%AA-T%E1%BA%ADp-15-i.142856269.26832497483?sp_atk=08c65e84-6601-4e24-a166-f35e44dabd03&xptdk=08c65e84-6601-4e24-a166-f35e44dabd03
8701089477040 ,https://shopee.vn/p-i.1258767910.26722649624
2381172390143 ,https://www.fahasa.com/donald-j-trump-da-den-luc-phai-cung-ran-de-khoi-phuc-su-vi-dai-cua-nuoc-my-tai-ban-2024.html
7574630181940 ,https://shopee.vn/p-i.80145433.17328908222
2257520766147 ,https://shopee.vn/p-i.17387326.13427531972
2866807813490 ,https://www.lazada.vn/products/i1488814058.html
8700875891192 ,https://www.fahasa.com/chua-lanh-tu-tam.html
9970689871227 ,https://shopee.vn/p-i.431679329.11531080702
5461733006810 ,https://shopee.vn/p-i.551896512.26402428154
1343312752743 ,https://www.lazada.vn/products/i473236257.html
7041259601081 ,https://www.fahasa.com/relife-tap-15-tang-kem-postcard.html
7306494140358 ,https://shopee.vn/p-i.375996881.8113390171
8748397173927 ,https://www.fahasa.com/bau-troi-truong-dai-hoc-cua-toi.html
2376296015281 ,https://shopee.vn/p-i.58594558.7988361643
2859617205243 ,https://www.fahasa.com/hanh-trinh-tro-thanh-nha-lanh-dao-on-becoming-a-leader.html
5405951833047 ,https://www.lazada.vn/products/i3026637377.html
8542305864156 ,https://www.fahasa.com/cherry-magic-tap-13-ban-dac-biet-tang-kem-postcard-2-mat-boi-cung-bookmark-nam-cham.html
2383402470868 ,https://shopee.vn/p-i.371788160.23343902738
8510220456149 ,https://shopee.vn/p-i.142856269.29927832728
5048248706164 ,https://shopee.vn/p-i.254672228.27857773997
2375206156353 ,https://shopee.vn/p-i.162534564.10395413774
,https://www.lazada.vn/products/i473182771.html
7554045303564 ,https://shopee.vn/p-i.45194730.26864135663
8915510600959 ,https://www.lazada.vn/products/i2824924583.html
5943062114843 ,https://shopee.vn/p-i.154779484.7305438659
9620109736626 ,https://www.lazada.vn/products/i473192598.html
2571631123720 ,https://www.fahasa.com/mon-an-viet-nam-124043.html
7439807298984 ,https://shopee.vn/p-i.50966696.28550628669
3458369914176 ,https://shopee.vn/p-i.243501221.25095325852
7026072433038 ,https://shopee.vn/p-i.49835703.24673831345
8369396229434 ,https://shopee.vn/p-i.162534564.10395413774
9057965409310 ,https://shopee.vn/p-i.953823367.21277749565
4119835248678 ,https://shopee.vn/p-i.162534564.10395413774
3739212805291 ,https://www.fahasa.com/vo-luyen-viet-tap-1-danh-cho-be-tu-5-6-tuoi-423908.html
7718524802812 ,https://www.fahasa.com/bo-sach-robinson-crusoe-tap-1-2-bo-2-tap.html
8600080789296 ,https://www.lazada.vn/products/i2977054379.html
1696456677957 ,https://shopee.vn/p-i.154779484.2504114928
4038140327302 ,https://shopee.vn/p-i.80145433.17328908222
9429498172173 ,https://shopee.vn/p-i.1272906358.27259325732
1218532654035 ,https://www.lazada.vn/products/i3141898151.html
7750129689000 ,https://shopee.vn/p-i.2921062.6868641114
1796894514100 ,https://www.lazada.vn/products/i3138346384.html
1223796475452 ,https://shopee.vn/p-i.458139895.28005102424
5327811676106 ,https://www.fahasa.com/vong-quanh-the-gioi-viet-nam-tai-ban-2019.html
7485389503014 ,https://shopee.vn/p-i.90740928.21760031733
2882181756076 ,https://www.fahasa.com/cong-cu-lon-cho-chien-binh-nho-minh-yeu-qui-ban-than.html
5638712507631 ,https://www.fahasa.com/tro-choi-me-cung-thu-thach-tu-duy-2-8-tuoi.html
1595166451589 ,https://www.lazada.vn/products/i2733465175.html
5832958474939 ,https://shopee.vn/p-i.419558825.24833929687
8299134641695 ,https://www.fahasa.com/sango-va-nguoi-ca-tap-3-tang-kem-postcard.html
9671843080369 ,https://shopee.vn/p-i.801588276.27950591575
4065312866053 ,https://shopee.vn/p-i.142856269.7835218369
2393518722495 ,https://www.fahasa.com/giao-tiep-luu-loat-bang-tieng-anh-kem-vcd.html
7592112067375 ,https://shopee.vn/p-i.142856269.16620870215
4148745065779 ,https://www.fahasa.com/em-ren-thoi-quen-tot-tien-vui-ve-va-hoang-tu-lang-phi.html
8755052932437 ,https://shopee.vn/p-i.142856269.27003125105
2290996715191 ,https://www.fahasa.com/be-hoc-be-choi-to-mau-vuong-quoc-khung-long-1.html
3600159780417 ,https://shopee.vn/p-i.344139646.24615969807
7358936856700 ,https://shopee.vn/p-i.49835703.22458989527
4517539349075 ,https://www.fahasa.com/500-cau-hoi-tai-sao-the-nao-tap-2.html
7500917951755 ,https://www.fahasa.com/be-vao-mau-giao-di-da-ngoai-thu-vi-lam.html
4056181209828 ,https://www.fahasa.com/nhung-cau-chuyen-nuoi-duong-tam-hon-buc-thu-dac-biet.html
2393963199187 ,https://www.fahasa.com/tro-chuyen-voi-ban-be-bang-tieng-anh-kem-vcd.html
1413568619117 ,https://www.lazada.vn/products/i2287908580.html
5352028235388 ,https://shopee.vn/p-i.378339269.26903700041
8915704311069 ,https://www.fahasa.com/500-fantastic-facts-about-space-cung-be-kham-pha-500-dieu-thu-vi-ve-vu-tru-tai-ban-2023.html
3258588529923 ,https://www.fahasa.com/cung-wolfoo-ren-ky-nang-song-tu-choi-nguoi-la.html
7290569809243 ,https://www.fahasa.com/sach-tuong-tac-thong-minh-dung-cham-vao-dong-vat-ngo-nghinh.html
3859990222587 ,https://www.lazada.vn/products/i2681530145.html
9969823001813 ,https://www.fahasa.com/chuyen-o-rung-hanh-phuc-nha-sang-che-cua-rung-hanh-phuc.html
2601453176175 ,https://www.fahasa.com/danh-cho-me-mon-qua-cua-tinh-yeu.html
7328515048218 ,https://www.fahasa.com/be-tap-to-mau-tap-4-danh-cho-tre-tu-3-6-tuoi.html
2803962417085 ,https://www.lazada.vn/products/i2346720782.html
3523540594190 ,https://shopee.vn/p-i.358433526.23371071883
2209295004027 ,https://shopee.vn/p-i.382855054.26850633529
9071912750591 ,https://www.fahasa.com/hanh-trang-tam-li-cho-be-vao-lop-1-lop-1-oi-to-san-sang-roi.html
7219677814700 ,https://www.fahasa.com/sach-trang-diem-cong-chua-qua-cara.html
3922905235654 ,https://shopee.vn/p-i.142856269.28403794109
9302681053674 ,https://www.lazada.vn/products/i881458723.html
3632768163591 ,https://shopee.vn/p-i.140586149.2201142414
9190927096028 ,https://www.lazada.vn/products/i2320762300.html
9651850383351 ,https://shopee.vn/p-i.92991613.2090313399
2701107119127 ,https://shopee.vn/p-i.1039405923.23075376516
9169163269368 ,https://shopee.vn/p-i.130860061.5097172646
4502794121350 ,https://www.lazada.vn/products/i2244077616.html
9404944173015 ,https://www.lazada.vn/products/i2798246945.html
2312606520333 ,https://shopee.vn/p-i.912196047.23814525653
8244933904416 ,https://www.lazada.vn/products/i2425565374.html
8303123662053 ,https://shopee.vn/p-i.254666730.22758892724
2025207097217 ,https://shopee.vn/p-i.41282772.20393730858
2663839763428 ,https://www.lazada.vn/products/i2427935319.html
9110466557246 ,https://shopee.vn/p-i.254666730.10895515489
7493818773823 ,https://shopee.vn/p-i.130938115.6316350582
8618156685141 ,https://www.lazada.vn/products/i1893364878.html
9804141059225 ,https://www.lazada.vn/products/i2592953163.html
2826580344932 ,https://shopee.vn/p-i.88052476.22989176843
1434543814435 ,https://shopee.vn/p-i.163067971.14692657480
7379079098484 ,https://shopee.vn/p-i.1078740205.24029911837
9652810800640 ,https://www.lazada.vn/products/i2505298536.html
5924144983404 ,https://shopee.vn/p-i.163067971.2855137066
3473094407426 ,https://www.lazada.vn/products/i3137188065.html
4611792562322 ,https://www.lazada.vn/products/i1877207976.html
4748472763146 ,https://www.lazada.vn/products/i1698455527.html
8712301206733 ,https://shopee.vn/p-i.163067971.19545071964
6903380480491 ,https://shopee.vn/p-i.834532604.21877979139
7008804687596 ,https://shopee.vn/p-i.254666730.25230922086
7711136579379 ,https://shopee.vn/p-i.20009052.19106580099
1584979466795 ,https://shopee.vn/p-i.299293784.16616079857
3808185252229 ,https://shopee.vn/p-i.1207718029.23589756669
6279032745182 ,https://shopee.vn/p-i.1117336341.26010410873
4702061298696 ,https://www.lazada.vn/products/i2804170507.html
5969536130412 ,https://www.lazada.vn/products/i253892356.html
6701915346217 ,https://www.lazada.vn/products/i3129077358.html
1839009389842 ,https://www.lazada.vn/products/i2204306616.html
4164270328649 ,https://www.lazada.vn/products/i256359218.html
4757279092955 ,https://www.fahasa.com/plus-38-v302-bang-dan-norino-beans-810-plus-green-10c-hop.html
2873890300806 ,https://www.lazada.vn/products/i257168132.html
4293664348823 ,https://shopee.vn/p-i.164018338.2821194305
9885533522291 ,https://shopee.vn/S%C3%A1ch-Thi%C3%AAn-T%C3%A0i-Hay-K%E1%BA%BB-%C4%90i%C3%AAn-Gi%E1%BA%A3i-M%C3%A3-T%C3%A2m-L%C3%BD-H%E1%BB%8Dc-%C4%90%E1%BA%B1ng-Sau-Nh%E1%BB%AFng-H%C3%A0nh-Vi-K%E1%BB%B3-L%E1%BA%A1-C%E1%BB%A7a-Con-Ng%C6%B0%E1%BB%9Di-Bizbooks-i.272432350.25337179937?sp_atk=e3968959-6b43-4335-b6b1-1ae8669ac9f5&xptdk=e3968959-6b43-4335-b6b1-1ae8669ac9f5
,https://shopee.vn/S%C3%A1ch-Thi%C3%AAn-t%C3%A0i-hay-k%E1%BA%BB-%C4%91i%C3%AAn-Gi%E1%BA%A3i-m%C3%A3-t%C3%A2m-l%C3%BD-h%E1%BB%8Dc-%C4%91%E1%BA%B1ng-sau-nh%E1%BB%AFng-h%C3%A0nh-vi-k%E1%BB%B3-l%E1%BA%A1-c%E1%BB%A7a-con-ng%C6%B0%E1%BB%9Di-Bizbooks-i.984678604.24334575372?sp_atk=8e6c2a44-738f-4506-b394-301c0991976b&xptdk=8e6c2a44-738f-4506-b394-301c0991976b
,https://shopee.vn/S%C3%A1ch-Thi%C3%AAn-T%C3%A0i-Hay-K%E1%BA%BB-%C4%90i%C3%AAn-Gi%E1%BA%A3i-M%C3%A3-T%C3%A2m-L%C3%BD-H%E1%BB%8Dc-%C4%90%E1%BA%B1ng-Sau-Nh%E1%BB%AFng-H%C3%A0nh-Vi-K%E1%BB%B3-L%E1%BA%A1-C%E1%BB%A7a-Con-Ng%C6%B0%E1%BB%9Di-Bizbooks-i.1432802982.25940530822?sp_atk=af92190e-2591-4f76-b79c-ffb1db20529e&xptdk=af92190e-2591-4f76-b79c-ffb1db20529e
6618402027311 ,https://shopee.vn/p-i.74419831.42501796949
,https://lazada.vn/products/i3105641750.html
2512999168374 ,https://shopee.vn/p-i.175767544.7505584757
8234906458111 ,https://lazada.vn/products/i2943596527.html
2377443905178 ,https://lazada.vn/products/i797066145.html
9133932165696 ,https://shopee.vn/p-i.1240428935.29552333855
2779361886584 ,https://shopee.vn/S%C3%A1ch-Boyfriend-Material-B%E1%BA%A1n-Trai-Ho%C3%A0n-H%E1%BA%A3o-B%E1%BA%A3n-%C4%90%E1%BA%B7c-Bi%E1%BB%87t-T%E1%BA%B7ng-K%C3%A8m-Bookmark-Clear-Card-Selfie-i.142856269.29506296720?sp_atk=7b46d9f7-c7ef-42ed-ae88-4153089017c4&xptdk=7b46d9f7-c7ef-42ed-ae88-4153089017c4
2220846362457 ,https://lazada.vn/products/i2990453803.html
5536244868780 ,https://shopee.vn/p-i.119038222.42500290606
4034456506434 ,https://lazada.vn/products/i2658358207.html
4088967041163 ,https://shopee.vn/S%C3%A1ch-G%C3%A0-M%E1%BB%9D-V%C3%A0-V%E1%BB%8Bt-Kh%E1%BB%9D-Phi%C3%AAu-L%C6%B0u-%C4%90%E1%BA%BFn-V%C3%B9ng-%C4%90%E1%BA%A5t-M%E1%BB%99ng-M%C6%A1-i.142856269.42807211359?sp_atk=2f86833d-de81-427e-b9b5-46e38fa069bb&xptdk=2f86833d-de81-427e-b9b5-46e38fa069bb
7225838548675 ,https://shopee.vn/p-i.142856269.29578629036
8644440634726 ,https://shopee.vn/p-i.358743601.24635968674
8840973478002 ,https://shopee.vn/p-i.1441006448.27733752038
,https://shopee.vn/p-i.142856269.26272989969
5350857844395 ,https://lazada.vn/products/i472690093.html
4972837471437 ,https://shopee.vn/p-i.135852798.28566305012
7346647495970 ,https://shopee.vn/p-i.135852798.25170068056
2687597399367 ,https://shopee.vn/p-i.104227984.44457249299
8404448627986 ,https://shopee.vn/p-i.1048857114.28439189295
9612691708054 ,https://shopee.vn/S%C3%A1ch-Ch%E1%BA%A5t-D%E1%BB%8B-%E1%BB%A8ng-%C4%90%C3%A1ng-Y%C3%AAu-(T%E1%BA%ADp-2)-AZB-i.1258767910.27870943315?sp_atk=ee44072b-2592-4096-a138-3bcc96181e4c&xptdk=ee44072b-2592-4096-a138-3bcc96181e4c
,https://shopee.vn/S%C3%A1ch-Ch%E1%BA%A5t-D%E1%BB%8B-%E1%BB%A8ng-%C4%90%C3%A1ng-Y%C3%AAu-i.45194730.27821595186?sp_atk=a4a80577-c2fc-4829-8865-a70ec41ed759&xptdk=a4a80577-c2fc-4829-8865-a70ec41ed759
,https://shopee.vn/S%C3%A1ch-Ch%E1%BA%A5t-D%E1%BB%8B-%E1%BB%A8ng-%C4%90%C3%A1ng-Y%C3%AAu-(T%E1%BA%ADp-2)-i.45194730.26020664267?sp_atk=048e2f68-9461-4e82-a7bd-d9551959df03&xptdk=048e2f68-9461-4e82-a7bd-d9551959df03
9345649630534 ,https://shopee.vn/S%C3%A1ch-D%E1%BA%A5u-%E1%BA%A4n-Ho%C3%A0ng-Gia-T%E1%BA%ADp-12-i.1441006448.29933752142?sp_atk=1091850d-16b0-469d-ab5f-165f957ce66d&xptdk=1091850d-16b0-469d-ab5f-165f957ce66d
,https://shopee.vn/S%C3%A1ch-D%E1%BA%A5u-%E1%BA%A4n-Ho%C3%A0ng-Gia-T%E1%BA%ADp-12-i.142856269.29718471047?sp_atk=1de66d18-fb4b-4b27-ac23-ce4b78ff8cbe&xptdk=1de66d18-fb4b-4b27-ac23-ce4b78ff8cbe
5835763208789 ,https://lazada.vn/products/i2825024072.html
3570506837576 ,https://shopee.vn/p-i.1007496189.22257776423
3023261146651 ,https://shopee.vn/S%C3%A1ch-NVIDIA-G%C3%A3-Kh%E1%BB%95ng-L%E1%BB%93-C%C3%B4ng-Ngh%E1%BB%87-Th%E1%BB%91ng-Tr%E1%BB%8B-Chip-B%C3%A1n-D%E1%BA%ABn-i.243501221.40005773978?sp_atk=788f0a6b-a209-403b-a2b6-6db1cb446cb9&xptdk=788f0a6b-a209-403b-a2b6-6db1cb446cb9
,https://shopee.vn/S%C3%A1ch-NVIDIA-G%C3%A3-Kh%E1%BB%95ng-L%E1%BB%93-C%C3%B4ng-Ngh%E1%BB%87-Th%E1%BB%91ng-Tr%E1%BB%8B-Chip-B%C3%A1n-D%E1%BA%ABn-i.1119605663.42656688209?sp_atk=35cf6a00-b95e-4041-afab-40ca40a8c1ec&xptdk=35cf6a00-b95e-4041-afab-40ca40a8c1ec
,https://shopee.vn/S%C3%A1ch-NVIDIA-G%C3%A3-Kh%E1%BB%95ng-L%E1%BB%93-C%C3%B4ng-Ngh%E1%BB%87-Th%E1%BB%91ng-Tr%E1%BB%8B-Chip-B%C3%A1n-D%E1%BA%ABn-i.188606801.27737909470?sp_atk=92c3ed42-64b4-40ae-b7a6-0b453c1d618c&xptdk=92c3ed42-64b4-40ae-b7a6-0b453c1d618c
2398820529114 ,https://www.fahasa.com/nhung-mau-chuyen-tieng-anh-danh-cho-tre-em-t1-3cd.html
2399473408948 ,https://www.lazada.vn/products/i2626617222.html
2435015272629 ,https://www.lazada.vn/products/i552576692.html
2584965288034 ,https://www.lazada.vn/products/i473494480.html
2578848500276 ,https://shopee.vn/p-i.142856269.8645013472
2525012140929 ,https://www.fahasa.com/lich-su-viet-nam-bang-tranh-tap-12-co-lau-van-thang-vuong-tai-ban-2023.html
2296021700472 ,https://www.lazada.vn/products/i474926485.html
2525745525222 ,https://www.fahasa.com/truyen-co-tich-viet-nam-me-ke-con-nghe-kem-cd-tai-ban.html
2522943108691 ,https://www.fahasa.com/mieng-dan-than-ki-phat-trien-chi-so-cam-xuc-chi-so-cam-xuc-eq-4-5-tuoi-tai-ban-2022.html
2305072095588 ,https://www.lazada.vn/products/i473412381.html
2291114164414 ,https://www.fahasa.com/ielts-graduation-study-skills-pk.html
2527005691425 ,https://www.fahasa.com/happy-reader-co-be-anne-o-green-gables-kem-1-cd-tai-ban.html
2375904730345 ,https://shopee.vn/p-i.401304105.8130590876
2529272786989 ,https://shopee.vn/p-i.142856269.29754294107
2536310781295 ,https://www.lazada.vn/products/i572092726.html
2428183267573 ,https://www.lazada.vn/products/i2569269668.html
2504961666803 ,https://www.lazada.vn/products/i2542667858.html
2520766891301 ,https://www.lazada.vn/products/i1009204845.html
2515041021306 ,https://www.lazada.vn/products/i579088346.html
2521304502567 ,https://www.fahasa.com/let-s-enjoy-masterpieces-the-happy-prince-hoang-tu-hanh-phuc-cd.html
2394875311933 ,https://www.fahasa.com/the-grammar-files-level-b2-intermediate.html
2519278284459 ,https://www.fahasa.com/nhung-loi-di-duoi-hang-cay-tam-toi.html
2412186365107 ,https://www.fahasa.com/xa-loi-phat-dau-an-cua-long-tu-bi.html
2399119400527 ,https://www.lazada.vn/products/i1922579473.html
2525712958787 ,https://www.lazada.vn/products/i986760902.html
2520809596897 ,https://www.lazada.vn/products/i584672086.html
2523556451198 ,https://www.lazada.vn/products/i2632906853.html
2397886884700 ,https://shopee.vn/p-i.77723853.21157999906
2524189735280 ,https://www.fahasa.com/happy-reader-heidi-co-be-tren-nui-cao-561707.html
2389682778444 ,https://www.fahasa.com/di-san-ho-chi-minh-viet-nam-dep-nhat-co-ten-bac-ho-bia-cung-tap-anh-tu-lieu-tai-ban-2023.html
2529337573745 ,https://www.lazada.vn/products/i472404546.html
2539449249032 ,https://www.lazada.vn/products/i472498363.html
2412516981113 ,https://shopee.vn/p-i.272746128.9732144443
2425393896425 ,https://shopee.vn/p-i.995852365.25326106507
2616110610480 ,https://www.lazada.vn/products/i1905656072.html
2517746766414 ,https://shopee.vn/p-i.633022203.22800109441
1229642926922 ,https://www.lazada.vn/products/i1726242905.html
9799356039123 ,https://www.lazada.vn/products/i2413583149.html
8772656004382 ,https://www.lazada.vn/products/i1205924805.html
3788922377833 ,https://shopee.vn/p-i.68459598.24472858605
6155559796615 ,https://www.lazada.vn/products/i102199032.html
5049638237148 ,https://www.lazada.vn/products/i143118388.html
1248126807960 ,https://www.fahasa.com/so-the-immortals-mau-1-elvis-presley.html
3369470111607 ,https://shopee.vn/p-i.315066846.3769635386
6300831497753 ,https://shopee.vn/p-i.19287904.235252580
1588137259564 ,https://www.lazada.vn/products/i272770091.html
3079104011226 ,https://www.lazada.vn/products/i257146321.html
8103073213499 ,https://www.lazada.vn/products/i257144393.html
8297737340567 ,https://www.lazada.vn/products/i484858847.html
9331615447425 ,https://shopee.vn/p-i.18556843.272052177
2501903450896 ,https://www.lazada.vn/products/i350680420.html
4498012035442 ,https://www.lazada.vn/products/i143043540.html
3894372838258 ,https://shopee.vn/p-i.413403797.11966302339
7802953710127 ,https://www.lazada.vn/products/i739740.html
2161957925216 ,https://www.lazada.vn/products/i257418818.html
7902364942893 ,https://shopee.vn/p-i.1039405923.21993282991
2207848270598 ,https://www.fahasa.com/ghim-bam-23-10-deli-15.html
1325084193783 ,https://www.lazada.vn/products/i1769812290.html
7901048946677 ,https://shopee.vn/p-i.110835303.2118875496
1274937209105 ,https://www.lazada.vn/products/i102386197.html
2644397455081 ,https://www.lazada.vn/products/i1355673069.html
2646268280136 ,https://shopee.vn/p-i.95314687.1665709490
2203420513695 ,https://www.fahasa.com/keo-van-phong-deli-175mm-6027.html
2640395857858 ,https://www.lazada.vn/products/i1873449083.html
1223157268355 ,https://www.lazada.vn/products/i1391491093.html
5105765140291 ,https://shopee.vn/p-i.77752735.4403350361
1225486106049 ,https://shopee.vn/p-i.741173323.16079359541
1276743739906 ,https://www.lazada.vn/products/i102385947.html
1899462442683 ,https://shopee.vn/p-i.741173323.16842741819
2610654017910 ,https://shopee.vn/p-i.633022203.16668876865
2299500478862 ,https://lazada.vn/products/i584702803.html
2390002488738 ,https://shopee.vn/p-i.371343947.5978264653
3444150875915 ,https://lazada.vn/products/i584668429.html
2481490835743 ,https://shopee.vn/p-i.142856269.7286488841
2434678846338 ,https://www.lazada.vn/products/pdp-i2222929465-s10642145768.html?c=&channelLpJumpArgs=&clickTrackInfo=query%253AM%2525C6%2525B0u%252BTr%2525C3%2525AD%252BX%2525E1%2525BB%2525AD%252BL%2525C3%2525BD%252BNg%2525C6%2525B0%2525E1%2525BB%25259Di%252BX%2525C6%2525B0a%252BTheo%252BBinh%252BPh%2525C3%2525A1p%252B%252526%252BCu%2525E1%2525BB%252599c%252BS%2525E1%2525BB%252591ng%253Bnid%253A2222929465%253Bsrc%253ALazadaMainSrp%253Brn%253A6f1ecbb165360f601222ad9a06100284%253Bregion%253Avn%253Bsku%253A2222929465_VNAMZ%253Bprice%253A298100%253Bclient%253Adesktop%253Bsupplier_id%253A200158452079%253Bbiz_source%253Ahttps%253A%252F%252Fwww.lazada.vn%252F%253Bslot%253A0%253Butlog_bucket_id%253A470687%253Basc_category_id%253A8534%253Bitem_id%253A2222929465%253Bsku_id%253A10642145768%253Bshop_id%253A859219%253BtemplateInfo%253A107883_A3_C_D_E%25231103_L%2523164594_J%2523&freeshipping=1&fs_ab=2&fuse_fs=&lang=vi&location=H%E1%BB%93%20Ch%C3%AD%20Minh&price=2.981E%205&priceCompare=skuId%3A10642145768%3Bsource%3Alazada-search-voucher%3Bsn%3A6f1ecbb165360f601222ad9a06100284%3BoriginPrice%3A298100%3BdisplayPrice%3A298100%3BsinglePromotionId%3A-1%3BsingleToolCode%3AmockedSalePrice%3BvoucherPricePlugin%3A0%3Btimestamp%3A1760087194070&ratingscore=&request_id=6f1ecbb165360f601222ad9a06100284&review=&sale=0&search=1&source=search&spm=a2o4n.searchlist.list.0&stock=1
,https://www.fahasa.com/muu-tri-xu-the-nguoi-xua-theo-binh-phap-va-cuoc-song.html?fhs_campaign=SEARCH
4960799252829 ,https://shopee.vn/p-i.21120437.3995456264
2570405137178 ,https://shopee.vn/p-i.136613508.13019237824
2511609309558 ,https://www.fahasa.com/theo-chan-nguoi-tinh-mot-manh-tinh-rieng.html
2577794249314 ,https://www.lazada.vn/products/i473154006.html
2522302281133 ,https://shopee.vn/p-i.142856269.5636444148
2527817984890 ,https://www.fahasa.com/be-vui-hoc-toan-4-5-tuoi.html
2510979357190 ,https://www.fahasa.com/thi-nhan-viet-nam-124761.html
2510242940739 ,https://shopee.vn/p-i.51646476.1342395353
8246714761079 ,https://www.lazada.vn/products/i211244858.html
6211204907246 ,https://www.lazada.vn/products/i211252698.html
8429129059072 ,https://www.lazada.vn/products/i468032115.html
2403432052292 ,https://shopee.vn/p-i.164018338.2628506857
6106158957836 ,https://www.lazada.vn/products/i1788192029.html
8127210832817 ,https://shopee.vn/p-i.142190808.8513762491
4334351609282 ,https://www.lazada.vn/products/i353538021.html
5373210004744 ,https://www.lazada.vn/products/i1263780008.html
6788353606677 ,https://www.lazada.vn/products/i776938298.html
3597856863714 ,https://www.lazada.vn/products/tra-gop-0-nem-cao-su-thien-nhien-kim-cuong-5-zone-aloe-nang-do-dan-hoi-bao-hanh-12-nam-i459520234-s850864862.html?
5587654079125 ,https://shopee.vn/p-i.891306070.22445761782
3301857917440 ,https://shopee.vn/p-i.147639122.25358953431
5256631685627 ,https://shopee.vn/p-i.352833469.3568530303
3740783625294 ,https://shopee.vn/p-i.236344747.3637657270
1195969368267 ,https://www.lazada.vn/products/i570844708.html
5158108248802 ,https://shopee.vn/p-i.352833469.29765039536
8733714959273 ,https://www.lazada.vn/products/i570844708.html
3088586607568 ,https://shopee.vn/p-i.891306070.23474199680
5335683629305 ,https://shopee.vn/p-i.988307642.16194601910
5814485556472 ,https://shopee.vn/p-i.255116298.18391904634
8644676327065 ,https://shopee.vn/p-i.711189317.24958362651
7233341051445 ,https://www.lazada.vn/products/i1962108900.html
6989341079897 ,https://shopee.vn/p-i.30337953.20731319578
5681372462792 ,https://www.lazada.vn/products/i1658133178.html
5156203386405 ,https://www.lazada.vn/products/i1962108900.html
5051422350841 ,https://www.lazada.vn/products/i102178682.html
8736888082150 ,https://www.lazada.vn/products/i1728504630.html
8203354736805 ,https://shopee.vn/p-i.352833469.5268417947
2490884797673 ,https://shopee.vn/p-i.352833469.4068454750
9021903287481 ,https://www.lazada.vn/products/i570844708.html
3279446951024 ,https://www.lazada.vn/products/i570844708.html
2527844642121 ,https://shopee.vn/p-i.352833469.17122182504
9142030691436 ,https://shopee.vn/p-i.352833469.17122182504
4130099284404 ,https://shopee.vn/p-i.352833469.6168427650
1340134616715 ,https://www.lazada.vn/products/i1117734077.html
7529209011523 ,https://www.lazada.vn/products/i143245432.html
3927382656380 ,https://www.lazada.vn/products/i260357460.html
6314959943023 ,https://www.lazada.vn/products/i2204309626.html
2894852199849 ,https://www.lazada.vn/products/i273627.html
5062243254263 ,https://shopee.vn/p-i.142190808.6550401260
1108581730053 ,https://www.lazada.vn/products/i1430974615.html
4906780549547 ,https://www.lazada.vn/products/i570844708.html
3891307921474 ,https://www.lazada.vn/products/i570844708.html
2219771389322 ,https://shopee.vn/p-i.735282137.16245395195
5333341768829 ,https://shopee.vn/p-i.163067971.19876703938
1364986314353 ,https://shopee.vn/p-i.140792708.2150106111
4855693674792 ,https://shopee.vn/p-i.763486702.18373959332
5563067573627 ,https://shopee.vn/p-i.988307642.17497417169
3272347004650 ,https://shopee.vn/p-i.8492592.9341956539
6709172908902 ,https://www.lazada.vn/products/i1955674.html
2176561046011 ,https://shopee.vn/p-i.352833469.4168434705
2605776463741 ,https://www.lazada.vn/products/i2131712387.html
5605823163625 ,https://www.lazada.vn/products/i260345363.html
1152944432078 ,https://shopee.vn/p-i.30337953.410558512
2642370949886 ,https://shopee.vn/p-i.95314687.1673906795
1276002167495 ,https://lazada.vn/products/i102198901.html
7107689406970 ,https://shopee.vn/p-i.233968898.22180613365
1210749252663 ,https://www.lazada.vn/products/pdp-i2474470007.html?spm=a2o4n.searchlist.list.3.74572f16zhTk5R
1273296363077 ,https://lazada.vn/products/i102132778.html
9395382033907 ,https://shopee.vn/S%C3%A1ch-Combo-8-cu%E1%BB%91n-Gieo-h%E1%BA%A1t-gi%E1%BB%91ng-th%C6%B0%C6%A1ng-y%C3%AAu-i.162534564.4707294647?sp_atk=ec84f8ad-3469-449e-9c13-e788ee88eb92&xptdk=ec84f8ad-3469-449e-9c13-e788ee88eb92
,https://shopee.vn/S%C3%A1ch-Combo-8-cu%E1%BB%91n-Gieo-h%E1%BA%A1t-gi%E1%BB%91ng-th%C6%B0%C6%A1ng-y%C3%AAu-i.925524011.21679938394?sp_atk=7e9448bc-d387-4581-a3ec-b76582f44d9c&xptdk=7e9448bc-d387-4581-a3ec-b76582f44d9c
,https://shopee.vn/S%C3%A1ch-Combo-8-cu%E1%BB%91n-Gieo-h%E1%BA%A1t-gi%E1%BB%91ng-th%C6%B0%C6%A1ng-y%C3%AAu-i.29642423.7216801892?sp_atk=a956da36-f376-40ac-b75e-a6f3190b7d59&xptdk=a956da36-f376-40ac-b75e-a6f3190b7d59
,https://www.fahasa.com/combo-8c-hat-giong-yeu-thuong-0-6t.html?fhs_campaign=SEARCH
2396710308559 ,https://shopee.vn/p-i.964498267.23166870533
7005304761458 ,https://shopee.vn/S%C3%A1ch-B%C6%B0%E1%BB%9Bc-Ra-Th%E1%BA%BF-Gi%E1%BB%9Bi-R%E1%BB%B1c-R%E1%BB%A1-C%C3%A1c-N%C3%A0ng-Chu%E1%BB%99t-Ch%C5%A9i-Eeny-Meeny-Miney-Eeny-H%C4%83m-H%E1%BB%9F-V%C3%A0-C%C3%A1c-Ch%E1%BB%8B-R%E1%BB%A5t-R%C3%A8-...-i.1441006448.44222414027?sp_atk=dd9b1e80-7168-43fe-a958-a8960ee9a73e&xptdk=dd9b1e80-7168-43fe-a958-a8960ee9a73e
,https://shopee.vn/S%C3%A1ch-B%C6%B0%E1%BB%9Bc-Ra-Th%E1%BA%BF-Gi%E1%BB%9Bi-R%E1%BB%B1c-R%E1%BB%A1-C%C3%A1c-N%C3%A0ng-Chu%E1%BB%99t-Ch%C5%A9i-Eeny-Meeny-Miney-Eeny-H%C4%83m-H%E1%BB%9F-V%C3%A0-C%C3%A1c-Ch%E1%BB%8B-R%E1%BB%A5t-R%C3%A8-...-i.142856269.42672426380?sp_atk=b451c067-84b8-452a-afab-228e4303f072&xptdk=b451c067-84b8-452a-afab-228e4303f072
,https://www.lazada.vn/products/pdp-i3141931383.html?spm=a2o4n.searchlist.list.1.6f7015c9zOUniW
,https://www.fahasa.com/buoc-ra-the-gioi-ruc-ro-eeny-ham-ho-va-cac-chi-rut-re.html?fhs_campaign=SEARCH
3735243138675 ,https://shopee.vn/S%C3%A1ch-100-truy%E1%BB%87n-c%E1%BB%95-t%C3%ADch-th%E1%BA%BF-gi%E1%BB%9Bi-(-C%E1%BB%A9ng-)-i.30302081.44111157402?sp_atk=a3776062-b62d-4280-a73d-28b7c8466f3f&xptdk=a3776062-b62d-4280-a73d-28b7c8466f3f
,https://shopee.vn/S%C3%A1ch-100-truy%E1%BB%87n-c%E1%BB%95-t%C3%ADch-th%E1%BA%BF-gi%E1%BB%9Bi-(-C%E1%BB%A9ng-)-i.58594558.22449257412?sp_atk=14c71886-15fc-441e-9dcf-5b1182874540&xptdk=14c71886-15fc-441e-9dcf-5b1182874540
,https://shopee.vn/S%C3%A1ch-100-truy%E1%BB%87n-c%E1%BB%95-t%C3%ADch-th%E1%BA%BF-gi%E1%BB%9Bi-(-B%C3%ACa-C%E1%BB%A9ng-)-i.332551311.23238683638?sp_atk=474c012e-4a66-4917-a375-368d90b7a568&xptdk=474c012e-4a66-4917-a375-368d90b7a568
6081975376042 ,https://shopee.vn/S%C3%A1ch-thi%E1%BA%BFu-nhi-T%E1%BB%AB-%C4%91i%E1%BB%83n-b%E1%BA%B1ng-h%C3%ACnh-cho-tr%E1%BA%BB-m%E1%BA%A7m-non-(m%C3%A3-l%E1%BA%BB)-i.162534564.21176528274?sp_atk=dcdda4d8-b2d0-4dc7-8fb2-611edf06bfff&xptdk=dcdda4d8-b2d0-4dc7-8fb2-611edf06bfff
,https://shopee.vn/S%C3%A1ch-T%E1%BB%AB-%C4%91i%E1%BB%83n-b%E1%BA%B1ng-h%C3%ACnh-cho-tr%E1%BA%BB-m%E1%BA%A7m-non-D%C3%A0nh-cho-tr%E1%BA%BB-0-6-tu%E1%BB%95i-Combo-6-t%E1%BA%ADp-Nhi%E1%BB%81u-ch%E1%BB%A7-%C4%91%E1%BB%81-%C4%90inh-T%E1%BB%8B-Books-i.47580169.23729983332?sp_atk=4d46512a-cf43-4acd-a365-5a23b168dd2e&xptdk=4d46512a-cf43-4acd-a365-5a23b168dd2e
1904733046850 ,https://lazada.vn/products/i2675144059.html
9495737914993 ,https://shopee.vn/S%C3%A1ch-H%C3%A0nh-Tr%C3%ACnh-Kh%C3%A1m-Ph%C3%A1-Ng%C3%B4i-Nh%C3%A0-Tr%C3%A1i-%C4%90%E1%BA%A5t-i.142856269.27341281397?sp_atk=c1ca7070-5cde-40c6-b07a-96050139216e&xptdk=c1ca7070-5cde-40c6-b07a-96050139216e
,https://www.lazada.vn/products/pdp-i3187457491.html?spm=a2o4n.searchlist.list.1.5b0f7b19YWKZxH
2284998776723 ,https://shopee.vn/p-i.142856269.12291624360
1560270056451 ,https://shopee.vn/p-i.142856269.22445788269
1963880331099 ,https://shopee.vn/p-i.142856269.27430676285
9929724272178 ,https://shopee.vn/S%C3%A1ch-I-Am-Money-S%E1%BB%95-Tay-Si%C3%AAu-Ti%E1%BA%BFt-Ki%E1%BB%87m-i.142856269.41268084640?sp_atk=1d4d76e3-565f-462c-9aaf-0d11d21d4788&xptdk=1d4d76e3-565f-462c-9aaf-0d11d21d4788
,https://shopee.vn/S%C3%A1ch-I-Am-Money-S%E1%BB%95-Tay-Si%C3%AAu-Ti%E1%BA%BFt-Ki%E1%BB%87m-Bizbooks-i.254672228.40350304959?sp_atk=8bb6621a-383f-412f-8e19-8c69d0ca5a29&xptdk=8bb6621a-383f-412f-8e19-8c69d0ca5a29
,https://www.lazada.vn/products/pdp-i3187533872.html?spm=a2o4n.searchlist.list.1.3bf0135bx1OEN7
,https://www.fahasa.com/i-am-money-so-tay-sieu-tiet-kiem.html?fhs_campaign=SEARCH
6459649422061 ,https://shopee.vn/S%C3%A1ch-I-Am-Money-C%C3%A2u-Chuy%E1%BB%87n-C%E1%BB%A7a-T%E1%BB%9B!-Bizbooks-i.254672228.42800326146?sp_atk=a6ddcd04-0af3-4135-ab6a-5e9bc58656b7&xptdk=a6ddcd04-0af3-4135-ab6a-5e9bc58656b7
,https://www.lazada.vn/products/pdp-i3187539859.html?spm=a2o4n.searchlist.list.1.e4ab65737jQDgP
,https://www.fahasa.com/i-am-money-cau-chuyen-cua-to.html?fhs_campaign=SEARCH
4270073282733 ,https://shopee.vn/p-i.344139646.26353126221
1343066471545 ,https://shopee.vn/p-i.242511295.27971789646
9285801177963 ,https://shopee.vn/S%C3%A1ch-I-Am-Money-Ti%C3%AAu-Sao-Cho-Chu%E1%BA%A9n-Bizbooks-i.254672228.43400325840?sp_atk=f9760b14-d58d-4734-b4c1-e3f7b5212e06&xptdk=f9760b14-d58d-4734-b4c1-e3f7b5212e06
,https://www.lazada.vn/products/pdp-i3187469496.html?spm=a2o4n.searchlist.list.1.7a277ab0bbA1rJ
,https://www.fahasa.com/i-am-money-tieu-sao-cho-chuan.html?fhs_campaign=SEARCH
8017490031523 ,https://shopee.vn/p-i.162534564.20818327869
2517453674842 ,https://shopee.vn/p-i.74678612.7230440972
2519684188112 ,https://lazada.vn/products/i472630224.html
2526956188787 ,https://shopee.vn/p-i.255306559.3235986761
8283203426729 ,https://shopee.vn/p-i.30337953.1536834149
6656025905147 ,https://shopee.vn/p-i.1007000878.24909334321
5202343549023 ,https://www.lazada.vn/products/i102386120.html
6065022215416 ,https://shopee.vn/p-i.31863766.21724852744
8166071988608 ,https://www.lazada.vn/products/i1728824291.html
7874806673002 ,https://www.lazada.vn/products/i249320257.html
5849075517595 ,https://shopee.vn/p-i.77585981.20306087155
5781365497661 ,https://www.lazada.vn/products/i102386124.html
4710113784730 ,https://www.lazada.vn/products/i257453958.html
2980709888704 ,https://shopee.vn/p-i.1370257823.26920022807
6580216324748 ,https://shopee.vn/p-i.140792708.2150106111
7069647418848 ,https://www.lazada.vn/products/i102132662.html
7887890528745 ,https://www.fahasa.com/sap-nan-vy-nhua-12-mau-sk-bl12r.html
7580355585443 ,https://www.lazada.vn/products/i102199012.html
1991909918031 ,https://shopee.vn/p-i.19417109.1466679818
9247573060739 ,https://shopee.vn/p-i.30337953.1533210992
8754937832440 ,https://shopee.vn/p-i.130938115.2356421010
2489273592678 ,https://lazada.vn/products/i584654770.html
2518303088017 ,https://shopee.vn/S%C3%A1ch-T%E1%BB%A7-S%C3%A1ch-Tu%E1%BB%95i-Hoa-Ng%C3%A0y-Th%C3%A1ng-N%C3%A0o-i.400649968.8734292783?sp_atk=80ea9748-6764-4703-aca8-77661306378d&xptdk=80ea9748-6764-4703-aca8-77661306378d
7168942168523 ,https://shopee.vn/p-i.356695960.24994317341
9452047402278 ,https://shopee.vn/p-i.682056706.25551686929
,https://lazada.vn/products/i2484783320.html
4729593088474 ,https://shopee.vn/p-i.638701106.16657237334
1515493801144 ,https://shopee.vn/p-i.284634361.9848830630
7080802369188 ,https://shopee.vn/S%C3%A1ch-Bi%C3%AAn-t%E1%BA%ADp-vi%C3%AAn-h%E1%BA%A1ng-II-T%C3%A0i-li%E1%BB%87u-b%E1%BB%93i-d%C6%B0%E1%BB%A1ng-ch%E1%BB%A9c-danh-ngh%E1%BB%81-nghi%E1%BB%87p-(-XBTT)-i.638701106.24004480891?sp_atk=3fecb8ac-eea5-411a-800e-4b18ac621210&xptdk=3fecb8ac-eea5-411a-800e-4b18ac621210
6394876743685 ,https://shopee.vn/S%C3%A1ch-Factoscore-Geography-T%C3%ACm-Hi%E1%BB%83u-V%E1%BB%81-%C4%90%E1%BB%8Ba-L%C3%AD-i.187014105.22371933374?sp_atk=b670a372-7488-4d6e-95e4-abdb0df4973e&xptdk=b670a372-7488-4d6e-95e4-abdb0df4973e
5390343384970 ,https://shopee.vn/p-i.717952321.12595015529
8515358421688 ,https://shopee.vn/p-i.163953802.3769279577
9867895722087 ,https://shopee.vn/p-i.2921062.4302117473
1558409771940 ,https://shopee.vn/p-i.371788160.17143716101
5028937221072 ,https://lazada.vn/products/i472560062.html
9513363379559 ,https://shopee.vn/p-i.50089602.5613450451
3126435217596 ,https://shopee.vn/p-i.154779484.7855343217
1165909026403 ,https://shopee.vn/p-i.284634361.22744921091
3858498827299 ,https://shopee.vn/p-i.1443169558.40307856056
,https://shopee.vn/p-i.1443169558.29775128762
3816118741257 ,https://www.lazada.vn/products/pdp-i2878258060.html?spm=a2o4n.searchlist.list.1.456923e2LqDIaq
2575601155681 ,https://shopee.vn/p-i.45544299.820083823
4791394740585 ,https://www.lazada.vn/products/pdp-i733446946.html?spm=a2o4n.searchlist.list.1.764818f4i59Ech
6770150090186 ,https://shopee.vn/B%C3%ACnh-L%E1%BB%8Dc-N%C6%B0%E1%BB%9Bc-C%E1%BA%A7m-Tay-Mitsubishi-Cleansui-EJ103-(2.2L)-C%C3%B4ng-Su%E1%BA%A5t-L%E1%BB%8Dc-200L-i.542873443.11959877162?sp_atk=666a2b49-b99c-4426-908f-278ebddac772&xptdk=666a2b49-b99c-4426-908f-278ebddac772
4448199106855 ,https://shopee.vn/C%E1%BB%8D-qu%C3%A9t-b%C3%A0n-ph%C3%ADm-Filco-Designed-Made-in-Japan-H%C3%A0ng-Ch%C3%ADnh-H%C3%A3ng-i.171935879.5807670365?sp_atk=4b6a7911-a2c6-4a08-ac78-0b01b8658616&xptdk=4b6a7911-a2c6-4a08-ac78-0b01b8658616
7206947117488 ,https://shopee.vn/p-i.43536544.4107117499
4228149563064 ,https://shopee.vn/p-i.768295371.19113541445
4009694943118 ,https://lazada.vn/products/i498244950.html
7240933859495 ,https://shopee.vn/p-i.11721690.5518963321
7762739755264 ,https://shopee.vn/p-i.340937460.4265018411
4523078595217 ,https://lazada.vn/products/i101046938.html
1195990689300 ,https://shopee.vn/p-i.76318633.1291989941
9507833632350 ,https://lazada.vn/products/i314018544.html
9261735306329 ,https://shopee.vn/p-i.1475444971.29277369428
5700237515739 ,https://shopee.vn/p-i.44665496.6652916162
3129484244209 ,https://shopee.vn/p-i.925524011.15496411352
9721838279307 ,https://www.fahasa.com/combo-sach-lam-sach-tam-hon-chua-lanh-dua-tre-ben-trong-ban-bo-2-cuon.html
4332155829783 ,https://www.fahasa.com/trang-quynh-tap-15-van-vo-tranh-hung.html
3561307134968 ,https://www.lazada.vn/products/i2204332275.html
4445769762596 ,https://www.lazada.vn/products/i270126378.html
2626595254796 ,https://www.lazada.vn/products/i272616409.html
9001839059659 ,https://shopee.vn/p-i.43662298.15496431986
6454800455463 ,https://shopee.vn/p-i.19417109.1457411127
9168750759744 ,https://www.lazada.vn/products/i270170971.html
4803888964039 ,https://shopee.vn/p-i.115905104.3817571800
7723186129398 ,https://www.fahasa.com/bia-nhan-3-cong-3-5cm-usign-us-613-3r-xanh.html
7705915346870 ,https://shopee.vn/p-i.112790091.2266218557
2185367315498 ,https://www.lazada.vn/products/i539886383.html
6463122337968 ,https://www.fahasa.com/ba-lo-thin-b-12-041-mau-do.html
4328974965795 ,https://www.lazada.vn/products/i313742373.html
4617820707895 ,https://www.lazada.vn/products/i260175674.html
6405748968638 ,https://shopee.vn/p-i.88212095.1610207361
5482396027857 ,https://shopee.vn/p-i.928724640.22917078604
1864638076436 ,https://www.lazada.vn/products/i141775608.html
2520851587782 ,https://shopee.vn/p-i.164018338.2628440530
4555319761648 ,https://www.fahasa.com/thuoc-thang-50cm-winq-t-50.html
6532604710398 ,https://www.lazada.vn/products/i2023177449.html
3065034000829 ,https://shopee.vn/p-i.511660912.10044739593
1409551868135 ,https://shopee.vn/p-i.89960894.7230819958
7844105998571 ,https://www.lazada.vn/products/i2410179626.html
6683451371727 ,https://shopee.vn/p-i.85762618.18586931171
6855069514555 ,https://www.lazada.vn/products/i292646494.html
5594181991592 ,https://shopee.vn/p-i.142190808.9012384524
6257552786096 ,https://shopee.vn/p-i.19417109.1470017365
5176323398577 ,https://www.lazada.vn/products/i924946680.html
4483416381592 ,https://shopee.vn/p-i.633022203.17445107127
2787117843895 ,https://shopee.vn/p-i.142856269.4947616669
6905445358133 ,https://shopee.vn/p-i.90428978.3543649986
7349990318621 ,https://shopee.vn/p-i.157447999.4184283910
,https://lazada.vn/products/i1262020929.html
4676374030170 ,https://lazada.vn/products/i1889442069.html
2038542436252 ,https://lazada.vn/products/i473462325.html
3561551726810 ,https://www.lazada.vn/products/i1754751292.html
4177533134581 ,https://www.lazada.vn/products/i145865831.html
7305069032492 ,https://www.lazada.vn/products/i1378295333.html
6519023547927 ,https://www.lazada.vn/products/i2500161769.html
7268538766109 ,https://shopee.vn/p-i.142856269.5047346280
6035810998579 ,https://shopee.vn/p-i.18556843.186966626
2451554492731 ,https://shopee.vn/p-i.30337953.1111247940
7112423033206 ,https://shopee.vn/p-i.18556843.1175810870
7435043324838 ,https://www.lazada.vn/products/i1970280430.html
7408789629550 ,https://www.lazada.vn/products/i2289808548.html
4579388640963 ,https://www.lazada.vn/products/i1127778975.html
1111656508488 ,https://shopee.vn/p-i.300998460.4050197485
4866510127431 ,https://www.lazada.vn/products/i245573359.html
7250019180702 ,https://shopee.vn/p-i.18556843.704935196
7026131966247 ,https://shopee.vn/p-i.30337953.411694088
4784626548523 ,https://shopee.vn/p-i.19417109.1457411119
3809439793630 ,https://www.lazada.vn/products/i416530549.html
4876793840996 ,https://shopee.vn/p-i.46788019.2082200178
1279895827002 ,https://www.lazada.vn/products/i840046590.html
2495182122356 ,https://shopee.vn/p-i.11235242.23338700771
2472654647074 ,https://www.lazada.vn/products/i208836572.html
3463439135793 ,https://www.lazada.vn/products/i215222678.html
2443842753914 ,https://shopee.vn/p-i.83055659.18565311942
2514467962699 ,https://shopee.vn/S%C3%A1ch-N%C4%83m-Ng%C6%B0%E1%BB%9Di-%C4%90%C3%A0n-B%C3%A0-Si-T%C3%ACnh-i.74678612.27701050889?sp_atk=c6f37235-f309-40a9-a1a3-d42b0372fd59&xptdk=c6f37235-f309-40a9-a1a3-d42b0372fd59
2399264799309 ,https://shopee.vn/p-i.142856269.4483307817
2510058039665 ,https://shopee.vn/p-i.272746128.23144741068
2549999700655 ,https://www.lazada.vn/products/pdp-i1870399925.html?spm=a2o4n.searchlist.list.1.58d8463aHAChg0
2406825016963 ,https://lazada.vn/products/i2628034500.html
,https://lazada.vn/products/i2621886269.html
2526427031574 ,https://shopee.vn/p-i.142856269.17975909657
2534911897285 ,https://www.fahasa.com/shin-cau-be-but-chi-phien-ban-hoat-hinh-mau-tap-51-hong-giong-masao-moi-khi-tai-ban-2024.html?fhs_campaign=SEARCH
2519802045853 ,https://shopee.vn/p-i.142856269.5836449143
5665582534074 ,https://shopee.vn/S%C3%A1ch-Ho%C3%A0ng-T%E1%BB%AD-B%C3%A9-d%C3%A0nh-cho-l%E1%BB%A9a-tu%E1%BB%95i-nhi-%C4%91%E1%BB%93ng-H%E1%BB%8Dc-ph%C3%A9p-l%E1%BB%8Bch-s%E1%BB%B1-v%E1%BB%9Bi-Ho%C3%A0ng-T%E1%BB%AD-B%C3%A9-i.344139646.24252593219?sp_atk=b5f8eaf8-7f18-4364-91b5-ba492c5d21d3&xptdk=b5f8eaf8-7f18-4364-91b5-ba492c5d21d3
2514225316436 ,https://shopee.vn/p-i.142856269.3247459767
2488638174214 ,https://www.lazada.vn/products/pdp-i486336807.html?spm=a2o4n.searchlist.list.1.348067c9j4ES1X
7616068032667 ,https://shopee.vn/S%C3%A1ch-Ng%C6%B0%E1%BB%9Di-T%E1%BB%8B-N%E1%BA%A1n-(B%C3%ACa-c%E1%BB%A9ng)-i.74678612.6830608615?sp_atk=7dc41dda-3ce3-41d7-80dc-39fa4c935f02&xptdk=7dc41dda-3ce3-41d7-80dc-39fa4c935f02
2373187936515 ,https://shopee.vn/p-i.142856269.6335475212
2488371474664 ,https://shopee.vn/p-i.135852798.4518180923
8529954110440 ,https://shopee.vn/Ng%E1%BB%93i-T%C3%B9-Kh%C3%A1m-L%E1%BB%9Bn-t%C3%A1c-gi%E1%BA%A3-Phan-V%C4%83n-H%C3%B9m-C%C3%B4ng-ty-S%C3%A1ch-Tao-%C4%90%C3%A0n-i.1044986550.23257223515?sp_atk=1fb2db05-df8c-47be-9c78-6e42b31e3f7f&xptdk=1fb2db05-df8c-47be-9c78-6e42b31e3f7f
6786545782130 ,https://shopee.vn/p-i.154779484.2862518043
8105176365754 ,https://shopee.vn/p-i.805852734.19474365960
3117403652495 ,https://shopee.vn/p-i.135253681.6389872555
5586930144458 ,https://lazada.vn/products/i474900780.html
,https://shopee.vn/p-i.142856269.5835527956
1223002660099 ,https://lazada.vn/products/i1726396048.html
4510112527648 ,https://www.lazada.vn/products/pdp-i2427390152.html?spm=a2o4n.searchlist.list.1.473b798e4LQRgA
6868621761199 ,https://shopee.vn/p-i.95134444.1845742128
,https://lazada.vn/products/i168802936.html
2201135831370 ,https://shopee.vn/p-i.483383841.6997601506
4512496613641 ,https://lazada.vn/products/i2472551117.html
4290431492413 ,https://lazada.vn/products/i458831.html
4110635164438 ,https://lazada.vn/products/i653340007.html
5649930452791 ,https://shopee.vn/p-i.599937872.24224726558
2480607441563 ,https://www.fahasa.com/100-bai-van-hay-10-186353.html
1574750233197 ,https://shopee.vn/p-i.343382853.4971759861
3666411522066 ,https://www.lazada.vn/products/i3098619815.html
7495619032840 ,https://shopee.vn/p-i.226641925.22479459513
4846074841929 ,https://www.lazada.vn/products/i472436164.html
4042664096605 ,https://shopee.vn/p-i.171969282.24606286468
4958173569854 ,https://www.lazada.vn/products/i472694004.html
1805263530047 ,https://shopee.vn/p-i.495555744.23678436114
2737684307771 ,https://www.fahasa.com/tap-to-chu-5-6-tuoi.html
9139334714602 ,https://shopee.vn/p-i.271108204.6345577547
5174661096766 ,https://shopee.vn/p-i.766794370.27463458666
6683298188403 ,https://shopee.vn/p-i.88212095.1530316433
2607729240625 ,https://lazada.vn/products/i329886267.html
2481915758800 ,https://shopee.vn/S%C3%A1ch-T%C3%B4-M%C3%A0u-Ch%E1%BB%AF-S%E1%BB%91-V%C3%A0-H%E1%BB%8Dc-%C4%90%C3%A1nh-V%E1%BA%A7n-Ti%E1%BA%BFng-Anh-D%C3%A0nh-Cho-B%C3%A9-Quy%E1%BB%83n-2-i.142856269.5547306997?sp_atk=3c1ad970-41bc-4407-9aaf-f85893e23628&xptdk=3c1ad970-41bc-4407-9aaf-f85893e23628
,https://www.lazada.vn/products/pdp-i658138277.html?spm=a2o4n.searchlist.list.1.48d92ace0XK8KZ
,https://www.fahasa.com/to-mau-chu-so-va-hoc-danh-van-tieng-anh-danh-cho-be-quyen-2.html?fhs_campaign=SEARCH
2392831204510 ,https://lazada.vn/products/i2621927422.html
6034498430494 ,https://shopee.vn/p-i.2921062.12558433947
2118354705842 ,https://shopee.vn/S%C3%A1ch-240-Truy%E1%BB%87n-Vui-Anh-Vi%E1%BB%87t-T%E1%BA%ADp-1-(T%C3%A1i-B%E1%BA%A3n-2019)-NXB-%C4%90%E1%BA%A1i-H%E1%BB%8Dc-Qu%E1%BB%91c-Gia-H%C3%A0-N%E1%BB%99i-Minh-Th%E1%BA%AFng-i.64983116.29108279383?sp_atk=247e9be3-ede6-434a-bb40-0fc53aec991f&xptdk=247e9be3-ede6-434a-bb40-0fc53aec991f
6985864178826 ,https://shopee.vn/p-i.142856269.3235638489
1427945300863 ,https://shopee.vn/S%C3%A1ch-Factoscope-Science-Thi%E1%BA%BFt-B%E1%BB%8B-Chi%E1%BA%BFu-S%C3%A1ng-V%C3%A0-V%E1%BA%ADt-L%C3%AD-H%E1%BA%A1t-i.187014105.18281235535?sp_atk=06220b88-8fad-4ef0-9486-a7e6859c5561&xptdk=06220b88-8fad-4ef0-9486-a7e6859c5561
,https://www.lazada.vn/products/pdp-i918464195.html?spm=a2o4n.searchlist.list.3.56657a16wAc30j
,https://www.fahasa.com/thiet-bi-chieu-sang-va-vat-li-hat-2018.html?fhs_campaign=SEARCH
4418130324372 ,https://lazada.vn/products/i2187727425.html
2773561293553 ,https://lazada.vn/products/i257418818.html
4361390021270 ,https://shopee.vn/M%C3%A1y-l%E1%BB%8Dc-kh%C3%B4ng-kh%C3%AD-Tiross-TS9711-65W-i.34896130.4690989378?sp_atk=119a13f6-470c-4afe-8e75-6e061fcf0cd1&xptdk=119a13f6-470c-4afe-8e75-6e061fcf0cd1
2202279646363 ,https://lazada.vn/products/i1698836602.html
1437443079277 ,https://lazada.vn/products/i274814481.html
,https://shopee.vn/p-i.137388934.22510760640
6553515412775 ,https://shopee.vn/p-i.69586137.12596829175
4510676396575 ,https://www.lazada.vn/products/pdp-i2450223367.html?spm=a2o4n.searchlist.list.1.ae8e77ebyy7nla
8840499931070 ,https://shopee.vn/p-i.18556843.644497679
1682341436718 ,https://shopee.vn/p-i.18556843.26715714117
6797559279868 ,https://shopee.vn/S%C3%A1p-N%E1%BA%B7n-5-10-8-12-M%C3%A0u-Smart-Kids-i.1521172138.41913119010?sp_atk=810c7f7e-a408-4f3d-8625-235c5aae789c&xptdk=810c7f7e-a408-4f3d-8625-235c5aae789c
6901481648870 ,https://www.fahasa.com/artline-supreme-brush-but-long-kim-mau-hong-vepf-fpi.html
2183045774278 ,https://lazada.vn/products/i290670329.html
3486143214066 ,https://shopee.vn/B%C3%ACnh-t%E1%BA%ADp-u%E1%BB%91ng-tay-c%E1%BA%A7m-Nuk-PP-Mickey-Hello-Kitty-150ml-i.1928354.2331007530?sp_atk=2fea0bb6-ab44-49a8-b7e6-3b44d9033cfe&xptdk=2fea0bb6-ab44-49a8-b7e6-3b44d9033cfe
,https://shopee.vn/B%C3%ACnh-t%E1%BA%ADp-u%E1%BB%91ng-NUK-Mickey-nh%E1%BB%B1a-PP-an-to%C3%A0n-150ml-ch%E1%BB%91ng-%C4%91%E1%BB%95-ch%E1%BB%91ng-r%C3%B2-r%E1%BB%89-i.155108952.2311454654?sp_atk=63e2afad-023e-4b1e-b507-ca806864d17f&xptdk=63e2afad-023e-4b1e-b507-ca806864d17f
6030274090487 ,https://shopee.vn/p-i.169363076.2682733502
8234302434429 ,https://lazada.vn/products/i143138227.html
5830941123699 ,https://lazada.vn/products/i272048984.html
1652946841422 ,https://lazada.vn/products/i1695358315.html
8014070256856 ,https://shopee.vn/p-i.316170416.12823288601
3322178146340 ,https://lazada.vn/products/i2187661939.html
3948552383752 ,https://shopee.vn/p-i.18556843.1804025913
4547943975119 ,https://lazada.vn/products/i102385906.html
5799968513428 ,https://www.lazada.vn/products/pdp-i1442941555-s5972349568.html?c=&channelLpJumpArgs=&clickTrackInfo=query%253APhao%252Btr%2525C3%2525B2n%252Bho%2525E1%2525BA%2525A1%252Bti%2525E1%2525BA%2525BFt%252Bb%2525C3%2525A1nh%252BDonut%253Bnid%253A1442941555%253Bsrc%253ALazadaMainSrp%253Brn%253A19d50e9a81bbb5626eb605845d7f8561%253Bregion%253Avn%253Bsku%253A1442941555_VNAMZ%253Bprice%253A119000%253Bclient%253Adesktop%253Bsupplier_id%253A200164038516%253Bbiz_source%253Ah5_internal%253Bslot%253A0%253Butlog_bucket_id%253A470687%253Basc_category_id%253A12083%253Bitem_id%253A1442941555%253Bsku_id%253A5972349568%253Bshop_id%253A1684551%253BtemplateInfo%253A107883_A3_D_E%2523-1_C%25231103_L%2523164594_J%2523&freeshipping=1&fs_ab=2&fuse_fs=&lang=vi&location=H%E1%BB%93%20Ch%C3%AD%20Minh&price=1.19E%205&priceCompare=skuId%3A5972349568%3Bsource%3Alazada-search-voucher%3Bsn%3A19d50e9a81bbb5626eb605845d7f8561%3BoriginPrice%3A119000%3BdisplayPrice%3A119000%3BsinglePromotionId%3A-1%3BsingleToolCode%3A-1%3BvoucherPricePlugin%3A0%3Btimestamp%3A1760762976040&ratingscore=&request_id=19d50e9a81bbb5626eb605845d7f8561&review=&sale=12&search=1&source=search&spm=a2o4n.searchlist.list.0&stock=1
,https://shopee.vn/p-i.30337953.3402257596
